longitude,run_id,heading,predictable,latitude,id,seconds_since_report,route_id
-118.2801885,950_197_0,21.0,True,33.770491,8217,180,950
-118.1302117,18_233_1,295.0,True,34.014792,8179,59,18
-118.447487,224_249_1,135.0,True,34.2892,7913,116,224
-118.417885,744_1_0,345.0,True,34.279686,9277,116,744
-118.192642,18_233_1,285.0,True,34.024155,8126,56,18
-118.1504078,260_207_0,357.0,True,34.1525146,4140,59,260
-118.278389,108_388_0,75.0,True,33.989094,5605,58,108
-118.291575,754_92_0,5.0,True,34.0616597,9509,59,754
-118.2548253,53_169_0,22.0,True,34.0187462,6108,59,53
-118.37606,105_239_0,1.0,True,34.046982,4061,116,105
-118.150409,260_234_1,179.0,True,34.1278757,4171,59,260
-118.231056,720_1055_1,220.0,True,34.057514,9281,58,720
-118.356171,16_254_0,255.0,True,34.034084,6072,58,16
-118.291421,754_92_0,1.0,True,34.0366172,9567,59,754
-118.33522,210_260_1,165.0,True,34.014198,3985,59,210
-118.103516,125_151_1,165.0,True,33.914101,11037,56,125
-118.253639,733_86_1,217.0,True,34.043213,9532,116,733
-118.432373,230_95_0,319.0,True,34.259087,5877,58,230
-118.231285,733_86_1,360.0,True,34.053883,9357,58,733
-118.044846,770_50_1,220.0,True,34.072392,5906,180,770
-118.3675503,501_7_1,262.0,True,34.1535015,4023,180,501
-118.324768,217_191_1,120.0,True,34.100056,5842,58,217
-118.361313,217_228_0,0.0,True,34.06469,5683,116,217
-118.410805,33_447_0,60.0,True,34.016399,5518,58,33
-118.261993,302_1072_1,30.0,True,34.036034,7620,58,302
-118.254951,18_186_0,300.0,True,34.046539,3918,180,18
-118.391602,117_53_0,220.0,True,33.949245,8306,179,117
-118.159729,268_135_1,186.0,True,34.180904,4078,59,268
-118.3030352,733_82_0,90.0,True,34.0435485,9412,59,733
-118.300186,206_165_0,360.0,True,34.033009,8604,58,206
-118.172287,71_84_0,330.0,True,34.058338,4034,59,71
-118.44873,233_132_0,337.0,True,34.225262,9405,58,233
-118.291992,754_70_1,180.0,True,33.92664,9539,56,754
-118.326637,710_121_1,180.0,True,33.892899,7549,58,710
-118.4013587,165_149_1,101.0,True,34.2310469,8206,59,165
-118.0825587,264_82_0,5.0,True,34.1499809,4068,59,264
-118.629929,162_126_1,262.0,True,34.201061,8314,58,162
-118.353119,28_551_1,270.0,True,34.057457,5354,116,28
-118.18248,762_108_1,183.0,True,33.934174,5865,58,762
-118.252327,90_305_1,120.0,True,34.231754,8608,58,90
-118.230789,40_896_1,219.0,True,34.051296,9449,179,40
-118.23486,685_3_0,347.0,True,34.1458865,4180,59,685
-118.273438,108_402_1,270.0,True,33.989258,5747,58,108
-118.262161,38_235_1,120.0,True,34.034359,5686,57,38
-118.2122813,117_59_1,277.0,True,33.9449397,8628,59,117
-118.5925253,163_128_0,88.0,True,34.2008918,8326,59,163
-118.300117,206_165_0,360.0,True,34.001881,8566,179,206
-118.2214742,18_186_0,108.0,True,34.0341095,8103,59,18
-118.09903,460_182_0,60.0,True,33.917015,8118,179,460
-118.341187,212_203_1,219.0,True,34.100384,6141,179,212
-118.287468,246_70_1,48.0,True,33.869411,5318,58,246
-118.0444463,910_169_1,6.0,True,34.0711092,8394,57,910
-118.421066,901_55_0,135.0,True,34.171169,9466,56,901
-118.2909562,720_1027_0,90.0,True,34.0615897,9349,59,720
-118.203094,251_108_0,62.0,True,33.93137,8533,58,251
-118.600357,353_141_0,89.0,True,34.2196585,8421,59,353
-118.468597,734_30_0,346.0,True,34.073711,9319,179,734
-118.0694023,577_36_0,12.0,True,33.9924917,7686,59,577
-118.289925,205_80_0,270.0,True,33.791065,11017,58,205
-118.265732,316_151_0,105.0,True,34.059879,7578,58,316
-118.124954,66_385_1,23.0,True,34.006168,9237,58,66
-118.742226,161_83_1,255.0,True,34.142021,3991,57,161
-118.267044,48_491_0,204.0,True,34.027481,5666,180,48
-118.255211,351_256_1,120.0,True,34.046513,3963,59,351
-118.219612,751_16_0,360.0,True,34.0263289,8052,116,751
-118.0757104,267_75_0,272.0,True,34.1422787,4155,59,267
-118.239876,720_1057_1,360.0,True,34.040737,9440,56,720
-118.2229316,78_469_1,240.0,True,34.0556498,4162,59,78
-118.383141,14_424_1,210.0,True,34.083858,3949,57,14
-118.642647,164_53_0,220.0,True,34.187809,5359,58,164
-118.2563317,733_87_1,228.0,True,34.0401855,9254,59,733
-118.361214,215_68_1,360.0,True,33.908024,5416,116,215
-118.3032623,96_247_0,312.0,True,34.1811255,3112,59,96
-118.265701,10_430_0,112.0,True,34.0694469,3865,59,10
-118.300674,175_57_0,90.0,True,34.098049,5943,58,175
-118.280777,910_173_0,360.0,True,33.965004,8381,58,910
-118.369308,780_41_0,343.0,True,34.03928,8032,58,780
-118.355644,212_216_0,315.0,True,33.96899,3858,59,212
-118.383636,224_249_1,150.0,True,34.179558,8257,58,224
-118.265213,52_265_0,360.0,True,34.00573,5410,116,52
-118.440567,794_55_1,137.0,True,34.282959,8023,58,794
-118.3777148,162_131_0,153.0,True,34.1699362,8237,59,162
-118.271309,33_447_0,120.0,True,34.03796,5454,58,33
-118.315979,94_216_1,30.0,True,34.186241,8125,58,94
-118.253937,780_41_0,75.0,True,34.14653,8065,58,780
-118.349747,312_215_0,220.0,True,33.960796,6033,58,312
-118.262878,66_385_1,300.0,True,34.048904,9458,58,66
-118.390388,90_305_1,75.0,True,34.272839,8333,58,90
-118.237579,102_60_1,270.0,True,33.974766,5733,116,102
-118.444077,720_1061_1,240.0,True,34.058804,9363,58,720
-118.361053,110_231_0,90.0,True,33.9764709,5728,58,110
-118.2918,754_70_1,181.0,True,33.9743925,9581,59,754
-118.0442913,70_246_1,220.0,True,34.0723136,4058,59,70
-118.269569,48_483_0,165.0,True,33.962143,5304,58,48
-118.2994213,115_506_0,91.0,True,33.9599314,4187,59,115
-118.379639,316_151_0,165.0,True,34.076542,8525,56,316
-118.291855,204_106_1,180.0,True,34.099449,9451,179,204
-118.265015,603_21_0,220.0,True,34.033257,4020,59,603
-118.0680197,78_475_1,269.0,True,34.07243,4178,59,78
-118.402382,364_98_1,180.0,True,34.262936,8164,56,364
-118.2398538,733_87_1,217.0,True,34.0578997,9217,59,733
-118.223251,60_115_0,351.0,True,33.875599,4075,180,60
-118.2915448,754_92_0,359.0,True,34.0457547,9585,59,754
-118.273994,48_432_0,180.0,True,33.994316,5661,116,48
-118.2594677,96_246_1,140.0,True,34.1048178,3120,59,96
-118.239782,18_233_1,354.0,True,34.041616,8124,59,18
-118.335091,710_123_0,345.0,True,34.020248,7550,58,710
-118.553719,150_171_0,90.0,True,34.172573,8222,179,150
-118.181496,611_22_0,90.0,True,33.958099,6114,56,611
-118.209091,751_16_0,285.0,True,34.057514,8053,179,751
-118.246345,603_25_1,142.0,True,34.1152222,3103,59,603
-118.4839913,4_267_0,46.0,True,34.0253623,4039,59,4
-118.396416,14_428_1,220.0,True,34.056686,5712,58,14
-118.444473,234_33_1,120.0,True,34.308479,4099,59,234
-118.4190813,728_129_1,228.0,True,34.0610708,9314,180,728
-118.3238092,35_205_1,91.0,True,34.039827,8591,59,35
-118.247902,316_350_1,219.0,True,34.042965,5706,180,316
-118.442535,734_31_1,135.0,True,34.045467,9287,116,734
-118.168808,258_35_0,360.0,True,33.905628,5968,56,258
-118.261604,728_130_1,304.0,True,34.043652,9211,58,728
-118.291664,204_106_1,165.0,True,34.016621,9477,56,204
-118.275368,175_59_1,30.0,True,34.0974689,5461,176,175
-118.2807252,205_81_1,349.0,True,33.7897385,5776,59,205
-118.24836,720_1064_1,300.0,True,34.046566,9302,58,720
-118.267502,950_197_0,32.0,True,34.041206,8375,58,950
-118.207458,81_195_0,30.0,True,34.095684,8569,58,81
-118.2285,81_181_1,225.0,True,34.0784949,8545,58,81
-118.131538,267_76_1,75.0,True,34.190063,7612,116,267
-118.437912,108_382_0,15.0,True,33.983154,3895,116,108
-118.338333,16_347_1,270.0,True,34.068951,5797,58,16
-118.308968,207_269_1,165.0,True,34.016594,9563,116,207
-118.4223268,150_174_1,281.0,True,34.1465807,8228,59,150
-118.2539762,53_177_0,348.0,True,33.950151,6143,59,53
-118.429855,901_54_1,304.0,True,34.179283,9481,58,901
-118.241249,110_208_1,180.0,True,33.976002,5787,58,110
-118.363083,217_217_1,195.0,True,34.059769,7467,179,217
-118.309135,207_269_1,180.0,True,33.958183,9429,58,207
-118.2565165,105_239_0,270.0,True,34.0039676,5936,59,105
-118.571159,243_16_0,179.0,True,34.2197768,8273,59,243
-118.1400198,487_85_1,269.0,True,34.0715077,4177,59,487
-118.370163,237_13_0,4.0,True,34.141716,3925,59,237
-118.282677,120_71_1,165.0,True,33.930599,8311,58,120
-118.4148105,152_132_0,85.0,True,34.2215313,8196,59,152
-118.322014,704_153_1,270.0,True,34.09087,9322,179,704
-118.103973,125_150_1,220.0,True,33.913055,11008,116,125
-118.623207,152_132_0,220.0,True,34.166962,8258,58,152
-118.3767248,35_200_1,164.0,True,34.0437818,8585,59,35
-118.087883,70_247_1,270.0,True,34.062737,5335,58,70
-118.252914,358_383_0,90.0,True,33.989311,5899,58,358
-118.282776,81_179_1,180.0,True,33.998936,8562,179,81
-118.44886,744_2_1,181.0,True,34.172821,9232,58,744
-118.418808,316_358_0,45.0,True,34.060978,5730,58,316
-118.329391,710_121_1,240.0,True,33.881981,7594,235,710
-118.291924,204_106_1,165.0,True,33.952572,9484,179,204
-118.160713,268_134_1,90.0,True,34.183022,7638,58,268
-118.370361,222_67_1,180.0,True,34.215801,3983,235,222
-118.347092,111_347_1,241.0,True,33.969952,8462,58,111
-118.4141447,728_128_0,220.0,True,34.0608203,9268,59,728
-118.2971395,316_352_1,270.0,True,34.0690883,3908,59,316
-118.269829,28_550_1,299.0,True,34.047337,5384,58,28
-118.141998,117_59_1,210.0,True,33.911461,8262,116,117
-118.286873,910_173_0,233.0,True,33.869411,8390,179,910
-118.605965,750_51_0,165.0,True,34.188908,8072,58,750
-118.598984,245_64_0,360.0,True,34.253532,4118,59,244
-118.265144,51_237_0,0.0,True,33.949024,5406,180,51
-118.247543,94_216_1,210.0,True,34.053387,8584,179,94
-118.2116408,60_115_0,90.0,True,33.8741657,6123,59,60
-118.326439,210_256_0,345.0,True,33.876591,8453,179,210
-118.287598,910_169_1,220.0,True,33.869495,8357,179,910
-118.5012554,236_126_1,180.0,True,34.1981634,4090,180,236
-118.130165,267_77_1,75.0,True,34.140892,4163,57,267
-118.200539,68_125_0,105.0,True,34.043434,5491,180,68
-118.450729,750_52_1,270.0,True,34.151314,8046,235,750
-118.153145,115_442_1,270.0,True,33.9475399,8470,58,115
-118.3871238,704_156_0,50.0,True,34.0826265,9253,59,704
-118.2367585,330_691_1,278.0,True,34.050578,8428,59,330
-118.405174,233_132_0,47.0,True,34.278339,9341,179,233
-118.395073,720_1039_0,90.0,True,34.067081,9510,179,720
-118.449028,602_3_1,225.0,True,34.055012,5613,58,602
-118.366692,20_613_1,270.0,True,34.063618,5693,58,20
-118.222336,910_169_1,210.0,True,34.0541569,8163,176,910
-118.562767,162_131_0,90.0,True,34.201008,8343,116,162
-118.2565532,60_128_1,211.0,True,34.0473188,6013,180,60
-118.173103,770_49_0,90.0,True,34.040489,6053,58,770
-118.2651303,351_262_0,0.0,True,33.9230862,5983,59,351
-118.2617705,302_1072_1,215.0,True,34.0345998,3903,59,302
-118.309067,757_68_1,165.0,True,34.033119,6120,179,757
-118.3055922,316_151_0,90.0,True,34.0688935,5641,59,316
-118.589119,244_31_0,360.0,True,34.219929,7699,179,244
-118.221191,251_108_0,315.0,True,34.082867,8505,58,251
-118.381508,705_63_1,135.0,True,34.085644,7886,295,705
-118.243477,53_172_1,120.0,True,34.041122,3926,57,53
-118.316017,35_202_0,270.0,True,34.039967,5679,58,35
-118.281731,200_40_0,270.0,True,34.011093,3958,57,200
-118.256294,37_418_1,218.0,True,34.04731,7581,116,37
-118.2329812,704_153_1,194.0,True,34.0554142,9311,59,704
-118.444405,734_33_0,315.0,True,34.286449,9305,58,734
-118.122528,128_27_0,75.0,True,33.889294,11036,58,128
-118.2571538,66_246_0,129.0,True,34.0428493,9465,59,66
-118.567291,242_18_1,220.0,True,34.275146,4098,59,242
-118.422914,901_57_1,339.0,True,34.1727045,9544,59,901
-118.3993303,165_166_1,270.0,True,34.1939603,8159,59,165
-118.2111275,612_23_0,251.0,True,33.9306612,6137,59,612
-118.2710648,603_25_1,104.0,True,34.0292398,3111,59,603
-118.382164,105_224_1,220.0,True,34.0847089,4037,59,105
-118.044418,76_170_1,345.0,True,34.071869,8232,176,487
-118.244301,45_518_0,30.0,True,34.054955,5871,56,45
-118.300545,358_387_0,90.0,True,33.989063,5779,58,358
-118.25354,51_227_1,128.0,True,34.045414,4035,59,51
-118.1188504,76_162_0,88.0,True,34.0786998,4070,59,76
-118.234329,330_690_1,287.0,True,34.05127,5680,58,330
-118.504883,602_3_1,210.0,True,34.05127,5671,295,602
-118.474922,33_447_0,135.0,True,33.993107,5891,56,33
-118.3011025,18_233_1,271.0,True,34.0636173,8119,59,18
-118.131866,176_67_1,329.0,True,34.102364,4009,176,176
-118.309296,757_69_0,75.0,True,33.930931,5314,58,757
-118.32637,757_67_0,220.0,True,33.925621,6015,180,757
-118.251869,794_55_1,210.0,True,34.04863,8085,58,794
-118.28186,45_516_0,90.0,True,33.930984,5967,180,45
-118.267075,45_518_0,15.0,True,34.029354,4181,59,45
-118.4991495,150_169_1,286.0,True,34.1588635,8277,59,150
-118.2396263,18_186_0,111.0,True,34.0387772,6102,59,18
-118.2912635,754_70_1,268.0,True,34.0981247,9508,59,754
-118.3900127,20_614_1,268.0,True,34.0670953,3851,59,20
-118.33503,210_256_0,360.0,True,34.027374,8625,176,210
-118.16288,111_347_1,277.0,True,33.9677239,8642,58,111
-118.275108,2_1059_0,150.0,True,34.085838,5692,180,2
-118.300117,206_165_0,345.0,True,34.008808,8603,58,206
-118.190605,125_153_0,90.0,True,33.903511,11021,58,125
-118.195198,252_70_1,60.0,True,34.085178,5901,180,252
-118.2519,60_117_0,220.0,True,34.028225,6096,58,60
-118.613998,162_131_0,75.0,True,34.200981,8285,58,162
-118.211319,45_527_1,270.0,True,34.073765,8532,179,45
-118.1927868,254_15_1,282.0,True,34.0242531,3134,59,254
-118.272224,81_193_0,15.0,True,34.034111,8509,179,81
-118.346107,108_359_1,270.0,True,33.988956,5612,58,108
-118.265305,51_227_1,165.0,True,33.994869,5415,58,51
-118.232826,745_97_1,99.0,True,34.055065,8019,58,745
-118.383179,233_139_1,220.0,True,34.279766,9404,116,233
-118.376686,115_472_1,270.0,True,33.959999,8629,179,115
-118.233501,489_97_1,278.0,True,34.0539961,4062,59,489
-118.4134748,728_128_0,145.0,True,34.060505,9208,59,728
-118.252327,487_92_1,210.0,True,34.052067,5902,58,487
-118.223907,751_17_1,220.0,True,34.087654,8099,179,751
-118.2084292,60_115_0,355.0,True,33.9044742,5935,59,60
-118.528023,602_1_1,300.0,True,34.048409,5766,57,602
-118.208992,252_70_1,220.0,True,34.093647,5433,58,252
-118.32444,344_49_1,270.0,True,33.872932,8647,116,344
-118.310669,316_356_1,270.0,True,34.069035,5872,58,316
-118.2565335,53_172_1,180.0,True,33.980372,3919,180,53
-118.247803,55_233_1,180.0,True,33.985901,3965,180,55
-118.433624,233_139_1,225.0,True,34.257767,9250,179,233
-118.563652,364_98_1,270.0,True,34.232056,8607,58,364
-118.352592,40_874_0,220.0,True,33.865314,9494,116,40
-118.196411,252_77_0,22.0,True,34.065708,5912,58,252
-118.3565983,210_256_0,360.0,True,33.8673298,8327,59,210
-118.0450915,577_37_1,269.0,True,34.0720437,5884,59,577
-118.2653217,351_257_1,172.0,True,33.9186048,3868,59,351
-118.309036,66_385_1,360.0,True,34.06007,9407,56,66
-118.194901,79_473_1,195.0,True,34.076488,4051,180,79
-118.320999,125_150_1,270.0,True,33.902,11043,179,125
-118.375542,108_402_1,270.0,True,33.988239,3852,180,108
-118.2469033,78_496_0,127.0,True,34.0543813,4156,59,78
-118.287857,950_197_0,360.0,True,33.739803,8365,176,950
-118.258751,780_42_1,231.0,True,34.128654,8064,58,780
-118.56955,901_59_0,105.0,True,34.186653,9546,58,901
-118.254883,48_429_0,210.0,True,34.041782,5476,176,48
-118.441917,20_600_0,75.0,True,34.059494,6075,176,20
-118.419624,750_51_0,90.0,True,34.146091,8024,58,750
-118.353218,740_94_1,250.0,True,33.965527,5504,58,740
-118.209419,60_128_1,165.0,True,33.915611,5456,58,60
-118.283829,40_878_0,89.0,True,34.011066,9584,58,40
-118.308968,207_274_0,360.0,True,33.952847,9337,58,207
-118.15416,720_1058_1,220.0,True,34.018627,9365,179,720
-118.389801,94_216_1,220.0,True,34.255981,8208,58,94
-118.449554,169_119_0,75.0,True,34.208462,4104,59,169
-118.3936888,163_120_0,69.0,True,34.2008865,8189,59,163
-118.15217,79_473_1,260.0,True,34.1041864,4164,59,79
-118.258224,316_358_0,120.0,True,34.05072,5731,180,316
-118.187112,260_236_1,170.0,True,33.9659415,8430,59,260
-118.304413,10_469_1,270.0,True,34.083584,5649,58,10
-118.225449,358_383_0,90.0,True,33.989147,5711,58,358
-118.159698,120_69_0,120.0,True,33.927574,6031,295,120
-118.606064,150_173_0,180.0,True,34.201641,8235,56,150
-118.605965,161_86_1,165.0,True,34.188522,4117,59,161
-118.414413,167_95_1,359.0,True,34.221466,3988,59,167
-118.1855528,611_22_0,187.0,True,33.9873312,5796,59,611
-118.4961622,733_87_1,230.0,True,34.0130413,9335,59,733
-118.377571,224_224_0,328.0,True,34.169876,8261,58,224
-118.14875,79_501_0,90.0,True,34.1040149,7483,179,79
-118.212173,251_110_1,183.0,True,33.955074,8546,58,251
-118.448441,115_507_0,210.0,True,33.958923,8476,179,115
-118.5534473,242_16_0,0.0,True,34.1996364,8250,180,242
-118.287071,111_342_0,75.0,True,33.974602,8454,58,111
-118.605736,245_53_1,360.0,True,34.170208,4091,57,245
-118.473541,166_117_1,271.0,True,34.23563,5471,58,166
-118.159042,260_207_0,360.0,True,34.01442,4050,59,260
-118.3658283,165_149_1,269.0,True,34.1939638,8288,59,165
-118.287399,344_49_1,220.0,True,33.869686,6132,116,344
-118.331291,210_260_1,270.0,True,33.872906,8471,58,210
-118.271568,94_228_0,337.0,True,34.14653,8282,116,94
-118.263672,200_40_0,285.0,True,34.022644,6121,58,200
-118.035568,176_67_1,360.0,True,34.058834,5317,176,176
-118.2552555,115_472_1,271.0,True,33.9602148,8276,59,115
-118.317421,20_600_0,75.0,True,34.061665,5841,176,20
-118.229843,79_501_0,105.0,True,34.056,7673,57,79
-118.5032484,353_141_0,89.0,True,34.2211323,4110,59,353
-118.254166,111_340_0,90.0,True,33.974739,8620,57,111
-118.5485958,162_126_1,272.0,True,34.201156,8259,59,162
-118.497246,733_82_0,220.0,True,34.014942,9312,58,733
-118.289101,2_1057_1,270.0,True,34.098213,6029,56,2
-118.224403,28_549_1,240.0,True,34.122414,8586,116,28
-118.283958,200_39_1,197.0,True,34.0454409,5366,180,200
-118.29982,111_349_1,270.0,True,33.960079,8176,56,111
-118.2840422,200_40_0,359.0,True,34.0417158,4038,59,200
-118.265244,4_263_1,220.0,True,34.033176,4057,59,4
-118.344627,780_42_1,271.0,True,34.101597,8055,179,780
-118.2711147,316_350_1,295.0,True,34.0623127,8225,59,316
-118.504456,162_126_1,255.0,True,34.201229,8139,58,162
-118.210861,252_70_1,195.0,True,34.0421679,7804,116,252
-118.288841,14_418_1,90.0,True,34.076267,5836,58,14
-118.265305,52_212_1,165.0,True,34.002182,3882,59,52
-118.2571193,4_269_0,116.0,True,34.0766097,8405,59,4
-118.308838,207_275_0,0.0,True,34.004108,9482,116,207
-118.334602,30_604_0,90.0,True,34.048546,8487,58,30
-118.051758,70_255_0,90.0,True,34.062626,5807,180,70
-118.219612,751_17_1,182.0,True,33.996628,8094,179,751
-118.2516797,51_258_0,307.0,True,34.0441703,3874,180,51
-118.289726,232_74_0,270.0,True,33.791065,11007,179,232
-118.263901,83_121_0,305.0,True,34.033257,7655,58,83
-118.142715,266_19_0,220.0,True,33.849831,5632,180,266
-118.213943,78_496_0,45.0,True,34.060867,5469,180,78
-118.35273,40_875_0,165.0,True,33.865864,9452,116,40
-118.352791,40_898_1,180.0,True,33.908932,9565,58,40
-118.253738,91_306_0,315.0,True,34.122826,8191,58,91
-118.271309,200_40_0,15.0,True,34.065102,5519,180,200
-118.03344,79_471_1,255.0,True,34.140095,5424,235,79
-118.287827,125_152_0,75.0,True,33.901806,11053,58,125
-118.2742163,66_284_0,119.0,True,34.053173,9398,180,66
-118.265144,51_259_0,345.0,True,33.984692,7432,116,51
-118.349319,105_220_1,152.0,True,34.019424,4003,116,105
-118.0443504,76_170_1,220.0,True,34.0721933,4143,180,76
-118.313751,757_68_1,90.0,True,34.101677,7900,179,757
-118.300186,206_165_0,0.0,True,33.945313,8526,58,206
-118.291626,754_92_0,345.0,True,34.063671,9578,57,754
-118.23735,68_131_0,105.0,True,34.058144,4076,116,68
-118.311523,207_275_0,255.0,True,34.101788,9442,58,207
-118.43824,230_87_1,139.0,True,34.264423,6024,56,230
-118.278221,45_518_0,360.0,True,33.961868,5376,57,45
-118.4879,534_143_1,219.0,True,34.014034,5662,180,534
-118.291336,14_382_0,255.0,True,34.076378,5676,58,14
-118.552048,534_144_0,75.0,True,34.038979,7373,57,534
-118.201355,720_1058_1,285.0,True,34.028004,9480,57,720
-118.288216,704_156_0,75.0,True,34.0908159,9259,176,704
-118.330109,210_260_1,219.0,True,34.104481,8610,58,210
-118.2806743,10_482_1,293.0,True,34.0751021,4095,59,10
-118.251312,62_225_1,220.0,True,34.063946,5627,58,62
-118.273537,102_60_1,299.0,True,34.019096,5701,58,102
-118.255112,40_874_0,30.0,True,34.043324,9420,56,40
-118.466431,901_55_0,90.0,True,34.1805189,9435,57,901
-118.344009,35_243_0,263.0,True,34.039856,7492,116,35
-118.335815,733_86_1,277.0,True,34.046951,9545,116,733
-118.279762,200_40_0,195.0,True,34.012218,5499,58,200
-118.3967138,117_53_0,72.0,True,33.9443145,8632,59,117
-118.291496,204_103_0,220.0,True,33.924908,9361,58,204
-118.3106768,164_55_1,311.0,True,34.178059,8321,59,164
-118.25708,71_84_0,36.0,True,34.0453029,5334,116,71
-118.201355,127_24_0,75.0,True,33.895977,6116,58,127
-118.28199,105_231_1,75.0,True,34.003696,7643,179,105
-118.334991,130_89_1,270.0,True,33.872906,11051,179,130
-118.230927,794_55_1,143.0,True,34.094692,8071,58,794
-118.2942007,91_310_1,127.0,True,34.2518975,8177,59,91
-118.3015437,705_69_0,271.0,True,34.0037155,6036,59,705
-118.343941,312_215_0,360.0,True,34.064388,5763,116,312
-118.1047137,378_491_1,270.0,True,34.1025556,4186,59,378
-118.180939,76_162_0,15.0,True,34.064499,5843,235,76
-118.292412,207_275_0,255.0,True,33.930984,9485,58,207
-118.350792,33_447_0,75.0,True,34.0449709,5341,58,33
-118.208504,81_179_1,210.0,True,34.094692,8524,179,81
-118.254128,760_43_0,308.0,True,34.046043,5856,57,760
-118.268845,53_177_0,90.0,True,33.923672,6043,58,53
-118.230629,733_86_1,219.0,True,34.051243,9558,179,733
-118.223251,762_103_0,220.0,True,33.875435,7930,179,762
-118.370003,217_191_1,179.0,True,34.040024,5642,180,217
-118.241447,81_177_0,30.0,True,34.0586399,8531,179,81
-118.440178,158_53_1,315.0,True,34.255459,7745,58,158
-118.466888,165_159_0,90.0,True,34.193829,8504,58,165
-118.3750607,125_152_0,88.0,True,33.9017332,5761,59,125
-118.27504,950_192_1,195.0,True,34.02729,8354,179,950
-118.271599,181_173_0,360.0,True,34.117435,5434,180,181
-118.39414,166_75_0,135.0,True,34.256039,8187,59,166
-118.238823,62_225_1,130.0,True,34.035046,6059,116,62
-118.353287,111_342_0,345.0,True,33.9615099,8304,56,111
-118.14875,687_47_0,345.0,True,34.12981,3990,176,687
-118.243378,745_94_0,300.0,True,34.060291,8039,58,745
-118.225548,90_307_0,315.0,True,34.086689,8212,58,90
-118.412285,720_1056_1,255.0,True,34.067139,9577,176,720
-118.185196,611_27_1,360.0,True,33.989204,3867,57,611
-118.224434,751_17_1,227.0,True,34.086304,8033,58,751
-118.5283642,165_166_1,270.0,True,34.1938802,8344,180,165
-118.34919,33_364_1,255.0,True,34.045467,5927,58,33
-118.14003,260_207_0,15.0,True,34.047226,5609,58,260
-118.445389,901_55_0,75.0,True,34.180576,9439,58,901
-118.243416,910_173_0,35.0,True,34.053993,8393,179,910
-118.28891,66_238_0,220.0,True,34.063702,9470,179,66
-118.387436,164_52_1,270.0,True,34.1867329,8150,179,164
-118.250259,355_218_0,30.0,True,34.045082,3902,59,355
-118.535332,165_159_0,75.0,True,34.193802,4052,116,165
-118.18985,62_224_1,75.0,True,34.018822,6000,116,62
-118.598824,244_53_1,360.0,True,34.252266,8207,179,158
-118.273827,200_39_1,195.0,True,34.061363,5350,58,200
-118.391502,733_87_1,225.0,True,34.027676,9342,235,733
-118.330338,111_340_0,92.0,True,33.974461,8263,58,111
-118.049759,268_135_1,165.0,True,34.094746,7354,56,268
-118.2560254,351_261_0,282.0,True,34.0296689,4059,59,351
-118.154129,720_1058_1,284.0,True,34.0197829,9353,58,720
-118.266228,28_537_0,105.0,True,34.045494,5620,58,28
-118.454964,744_1_0,90.0,True,34.151947,9242,179,744
-118.272354,705_63_1,75.0,True,34.003777,5386,58,705
-118.2496614,487_95_0,38.0,True,34.053073,4157,59,487
-118.073395,76_162_0,90.0,True,34.08075,7544,58,76
-118.0507053,268_136_0,350.0,True,34.1005353,4080,59,268
-118.353378,111_340_0,165.0,True,33.961674,8434,116,111
-118.6148536,169_120_1,114.0,True,34.149697,4125,59,169
-118.352463,212_216_0,0.0,True,33.932224,5909,58,212
-118.5706067,165_159_0,90.0,True,34.1937537,4105,59,165
-118.180981,176_65_0,220.0,True,34.1153761,4169,59,176
-118.536247,744_1_0,180.0,True,34.208569,9304,179,744
-118.240723,117_53_0,90.0,True,33.943138,6135,56,117
-118.265078,52_265_0,1.0,True,33.966001,6138,59,52
-118.447945,734_30_0,60.0,True,34.057594,9298,56,734
-118.2899497,4_266_0,92.0,True,34.0907843,8435,180,4
-118.285759,910_173_0,270.0,True,33.869881,8359,116,910
-118.4349922,166_116_1,229.0,True,34.2356918,8234,59,166
-118.104012,115_503_1,220.0,True,33.912697,8626,58,115
-118.2409327,18_186_0,133.0,True,34.0395032,8172,59,18
-118.4674395,163_128_0,89.0,True,34.201108,8200,59,163
-118.237894,79_471_1,267.0,True,34.0583049,4191,59,79
-118.494423,720_1027_0,316.0,True,34.017418,9560,58,720
-118.367577,28_537_0,220.0,True,34.061062,5971,235,28
-118.381241,28_538_0,75.0,True,34.059326,8508,179,28
-118.300873,206_168_1,180.0,True,34.0578689,5908,180,206
-118.415726,224_249_1,45.0,True,34.282326,8577,58,224
-118.230003,60_128_1,183.0,True,34.027401,5770,58,60
-118.291527,754_92_0,345.0,True,34.0338629,9590,58,754
-118.209587,68_138_1,285.0,True,34.047642,5640,116,68
-118.369965,217_218_0,16.0,True,34.034111,3948,59,217
-118.395798,14_428_1,220.0,True,34.056053,5688,58,14
-118.2647852,51_227_1,304.0,True,34.0348355,4016,59,51
-118.2539685,60_129_1,226.0,True,34.050151,6014,59,60
-118.326637,210_260_1,180.0,True,33.906704,8611,58,210
-118.300575,206_168_1,180.0,True,34.091999,8560,58,206
-118.1956185,720_1026_0,117.0,True,34.0254008,9291,59,720
-118.2843385,4_263_1,251.0,True,34.0909694,4089,59,4
-118.448601,233_132_0,359.0,True,34.152222,9430,58,233
-118.323982,757_68_1,270.0,True,33.923752,7857,56,757
-118.265274,51_217_1,165.0,True,33.963737,5362,180,51
-118.4461615,169_120_1,86.0,True,34.2659148,4097,59,169
-118.249542,302_1055_1,30.0,True,34.049427,6005,58,302
-118.291168,351_256_1,90.0,True,34.059711,6106,58,351
-118.483604,237_13_0,345.0,True,34.203922,8291,58,237
-118.396454,230_95_0,360.0,True,34.147411,5829,58,230
-118.080116,181_179_1,273.0,True,34.148701,5944,58,181
-118.337845,728_130_1,270.0,True,34.057098,9263,58,728
-118.2541952,51_227_1,211.0,True,34.032628,6144,59,51
-118.249901,81_195_0,15.0,True,34.050667,8568,176,81
-118.464828,164_52_1,270.0,True,34.1867329,8295,179,164
-118.1046255,487_95_0,267.0,True,34.0795512,4159,59,487
-118.0727402,62_224_1,181.0,True,33.9259227,5887,59,62
-118.21991,720_1064_1,255.0,True,34.033642,9374,58,720
-118.280804,45_518_0,184.0,True,33.9812307,3941,59,45
-118.330994,740_94_1,180.0,True,34.000202,5315,58,740
-118.416153,233_141_1,228.0,True,34.270584,9258,58,233
-118.273926,48_482_1,345.0,True,33.996353,5994,180,48
-118.132332,180_172_0,360.0,True,34.147491,7661,176,180
-118.196838,81_197_1,239.0,True,34.1077,8510,179,81
-118.231911,40_896_1,15.0,True,34.0565489,9210,58,40
-118.2507648,17_349_1,309.0,True,34.0482442,4165,59,17
-118.3659442,2_1059_0,87.0,True,34.097878,8587,59,2
-118.1611153,501_8_0,66.0,True,34.1465972,4022,180,501
-118.211586,83_121_0,360.0,True,34.092686,6062,58,83
-118.265433,48_495_1,29.0,True,34.0297567,5844,59,48
-118.338203,237_11_1,235.0,True,34.10429,8281,179,237
-118.397398,901_54_1,270.0,True,34.168524,9428,180,901
-118.449158,720_1039_0,225.0,True,34.054981,9369,58,720
-118.438965,158_46_0,141.0,True,34.254055,4151,59,158
-118.606033,169_119_0,220.0,True,34.201199,4122,59,169
-118.143272,120_71_1,300.0,True,33.919655,6030,58,120
-118.330605,710_122_0,360.0,True,33.991707,7553,58,710
-118.307037,66_363_0,90.0,True,34.057621,9333,58,66
-118.273964,48_481_1,360.0,True,34.005566,3934,176,48
-118.596985,901_54_1,330.0,True,34.192566,9553,116,901
-118.309135,757_67_0,360.0,True,34.0896339,5890,180,757
-118.291695,108_391_0,90.0,True,33.989063,3860,59,108
-118.3762205,37_427_0,181.0,True,34.0608638,8440,59,37
-118.329422,155_34_0,338.0,True,34.161049,5922,180,155
-118.282616,81_195_0,345.0,True,33.976883,8572,56,81
-118.32103,14_382_0,270.0,True,34.076267,5840,116,14
-118.223747,251_110_1,188.0,True,34.088009,8530,58,251
-118.27301,111_350_1,255.0,True,33.974766,8464,58,111
-118.257576,92_226_0,43.0,True,34.039639,3955,116,92
-118.275963,115_492_0,75.0,True,33.960026,8264,56,115
-118.271729,35_243_0,298.0,True,34.034328,5653,58,35
-118.26088,603_25_1,220.0,True,34.1455119,3110,59,603
-118.113022,686_52_0,1.0,True,34.168999,7642,58,686
-118.518219,744_1_0,105.0,True,34.162231,9329,56,744
-118.233482,28_538_0,50.0,True,34.068676,5945,56,28
-118.340172,222_68_0,219.0,True,34.100357,5879,180,222
-118.2273608,108_391_0,90.0,True,33.9891239,5913,59,108
-118.248856,130_89_1,155.0,True,33.867737,11019,58,130
-118.370461,217_228_0,345.0,True,33.983482,5808,180,217
-118.2655307,70_255_0,220.0,True,34.0333043,4142,59,70
-118.300346,206_168_1,165.0,True,33.981861,8550,58,206
-118.308968,207_275_0,360.0,True,34.0626559,9410,58,207
-118.238892,316_356_1,219.0,True,34.036942,5863,235,316
-118.2573137,378_485_1,208.0,True,34.0466171,4190,59,378
-118.3877107,224_224_0,1.0,True,34.2002185,8231,59,224
-118.5208892,901_59_0,90.0,True,34.1803785,9500,59,901
-118.370405,152_115_0,180.0,True,34.1940735,8335,59,152
-118.241966,90_305_1,210.0,True,34.058117,8238,179,90
-118.248985,14_427_0,30.0,True,34.053692,3995,59,14
-118.232727,794_54_0,30.0,True,34.074287,8050,179,794
-118.258095,60_117_0,300.0,True,34.0482439,5378,58,60
-118.268356,14_382_0,15.0,True,34.031113,5678,57,14
-118.1549827,18_233_1,284.0,True,34.0199378,3927,59,18
-118.308899,757_67_0,0.0,True,34.013817,5989,180,757
-118.113281,108_403_1,220.0,True,33.972618,5621,180,108
-118.358398,35_235_1,45.0,True,34.040024,5837,116,35
-118.34742,212_216_0,15.0,True,34.040546,6067,58,212
-118.254822,92_226_0,359.0,True,34.133854,5431,180,92
-118.59594,901_59_0,290.0,True,34.190666,9535,58,901
-118.598984,901_55_0,220.0,True,34.252377,9542,179,901
-118.380028,4_266_0,57.0,True,34.08746,5615,116,4
-118.0839382,62_241_0,86.0,True,33.9021485,3887,59,62
-118.290642,550_123_1,165.0,True,33.85844,6115,58,550
-118.170418,258_29_1,255.0,True,34.063396,5813,295,258
-118.2789468,200_39_1,90.0,True,34.0110718,3884,59,200
-118.22683,202_48_1,195.0,True,33.829594,6080,235,202
-118.480034,734_31_1,150.0,True,34.127171,9238,58,734
-118.287796,720_1063_1,270.0,True,34.061859,9351,56,720
-118.245377,2_1056_0,120.0,True,34.057098,3939,59,2
-118.264,81_179_1,225.0,True,34.04324,8523,235,81
-118.291565,302_1055_1,270.0,True,34.098267,5690,58,302
-118.256424,53_177_0,345.0,True,33.991238,5451,176,53
-118.264488,90_307_0,220.0,True,34.0334239,8503,58,90
-118.44886,233_139_1,180.0,True,34.208515,9388,58,233
-118.371117,14_427_0,255.0,True,34.076103,5333,58,14
-118.214928,28_550_1,90.0,True,34.139214,8557,58,28
-118.2518817,460_182_0,81.0,True,33.9282873,8101,59,460
-118.376099,705_69_0,358.0,True,34.053799,6008,58,705
-118.287424,105_240_0,266.0,True,34.0037472,3881,59,105
-118.6060227,164_54_0,180.0,True,34.2094655,4101,59,164
-118.300186,206_165_0,0.0,True,33.982189,8564,58,206
-118.467613,734_30_0,360.0,True,34.226501,9200,58,734
-118.161568,910_169_1,240.0,True,34.063042,8399,58,910
-118.206604,605_44_1,166.0,True,34.058777,3139,180,605
-118.218864,110_216_1,285.0,True,33.981613,5768,58,110
-118.33522,710_121_1,180.0,True,34.032185,7588,58,710
-118.254654,720_1045_1,300.0,True,34.050362,9370,116,720
-118.0724987,266_21_1,151.0,True,34.0697473,5785,59,266
-118.445091,158_53_1,120.0,True,34.151314,8248,58,158
-118.239479,720_1047_1,220.0,True,34.03862,9487,57,720
-118.207161,70_246_1,300.0,True,34.056576,4011,116,70
-118.291527,204_106_1,180.0,True,33.989342,9368,235,204
-118.442993,165_166_1,255.0,True,34.193966,8269,116,165
-118.2916978,754_91_1,180.0,True,34.0550264,9501,59,754
-118.28376,720_1058_1,285.0,True,34.061611,9390,116,720
-118.500847,165_149_1,255.0,True,34.193939,8182,116,165
-118.293663,206_165_0,75.0,True,34.101704,5699,58,206
-118.245903,2_1057_1,220.0,True,34.062408,5624,180,2
-118.163864,780_42_1,225.0,True,34.144852,7622,58,780
-118.237122,704_156_0,105.0,True,34.058064,9292,58,704
-118.603966,750_51_0,255.0,True,34.179256,8040,58,750
-118.293526,302_1072_1,270.0,True,34.098293,5447,176,302
-118.3729515,117_59_1,270.0,True,33.9454958,8645,59,117
-118.361443,780_41_0,345.0,True,34.090019,8057,116,780
-118.121872,266_19_0,54.0,True,33.938904,7791,116,266
-118.221977,302_1072_1,240.0,True,34.056084,5980,58,302
-118.233444,45_518_0,50.0,True,34.068707,3946,116,45
-118.2582933,66_375_0,129.0,True,34.0438222,9467,59,66
-118.145309,125_150_1,255.0,True,33.903816,11038,57,125
-118.301071,704_149_1,271.0,True,34.09087,9225,58,704
-118.007118,78_469_1,255.0,True,34.110809,4045,176,78
-118.281334,720_1061_1,285.0,True,34.060509,9295,58,720
-118.445946,602_2_0,75.0,True,34.0636439,5685,57,602
-118.2716607,603_25_1,214.0,True,34.0751985,3117,59,603
-118.291824,754_70_1,182.0,True,34.076569,9389,179,754
-118.352791,211_68_1,180.0,True,33.866306,6119,116,211
-118.35125,37_427_0,90.0,True,34.032459,7530,58,37
-118.263573,246_76_0,360.0,True,33.827778,6129,58,246
-118.6015743,245_64_0,178.0,True,34.1871893,8205,59,245
-118.241508,45_527_1,210.0,True,34.056194,3940,57,45
-118.229485,120_72_0,75.0,True,33.924576,6037,56,120
-118.181755,260_207_0,360.0,True,33.938934,8433,58,260
-118.4415432,92_236_1,43.0,True,34.2973728,4138,59,92
-118.4844715,158_42_1,270.0,True,34.2575087,4106,59,158
-118.3839927,316_360_0,328.0,True,34.0847746,8286,59,316
-118.215553,751_17_1,180.0,True,34.066147,8028,179,751
-118.2469023,603_21_0,44.0,True,34.1140718,5629,59,603
-118.1178409,70_246_1,270.0,True,34.0626166,4168,180,70
-118.225517,94_228_0,315.0,True,34.0866619,8198,179,94
-118.309036,207_275_0,345.0,True,33.961014,9432,56,207
-118.2419635,90_305_1,208.0,True,34.1563465,8109,59,90
-118.351051,344_47_0,360.0,True,33.807072,5371,57,344
-118.299919,10_482_1,270.0,True,34.083584,5503,58,10
-118.240852,60_129_1,130.0,True,34.036476,4027,59,60
-118.111023,130_85_0,89.0,True,33.872768,11016,58,130
-118.257111,45_518_0,46.0,True,34.041286,5358,58,45
-118.164284,358_383_0,90.0,True,33.986012,5725,180,358
-118.288055,950_197_0,220.0,True,33.724598,8396,235,950
-118.266289,38_243_0,30.0,True,34.032516,5704,58,38
-118.243874,81_179_1,233.0,True,34.056961,8543,58,81
-118.2047068,605_45_0,42.0,True,34.0216238,3145,59,605
-118.249611,10_469_1,38.0,True,34.051105,5614,57,10
-118.379341,16_255_0,220.0,True,34.076019,3971,59,16
-118.265274,720_1058_1,297.0,True,34.055504,9375,58,720
-118.312805,164_52_1,220.0,True,34.1791989,8339,58,164
-118.23233,71_88_1,285.0,True,34.056824,5439,180,71
-118.2565558,53_162_1,180.0,True,34.011949,3956,59,53
-118.226402,254_15_1,272.0,True,33.981696,3132,180,254
-118.2540797,4_260_1,304.0,True,34.0754325,3896,59,4
-118.434509,4_266_0,60.0,True,34.050308,5363,295,4
-118.352463,212_216_0,220.0,True,33.932362,5727,58,212
-118.3924185,224_224_0,319.0,True,34.2380725,8253,59,224
-118.300514,206_168_1,165.0,True,34.082096,8605,56,206
-118.276062,720_1061_1,300.0,True,34.058117,9352,58,720
-118.246229,55_217_0,360.0,True,33.930762,3877,59,55
-118.310867,164_52_1,310.0,True,34.180382,8223,116,164
-118.363182,150_169_1,220.0,True,34.138748,8226,58,150
-118.312675,165_149_1,220.0,True,34.179089,7556,116,165
-118.25528,760_42_1,128.0,True,34.046951,5312,180,760
-118.308411,710_121_1,220.0,True,34.063206,7596,179,710
-118.378586,901_57_1,91.0,True,34.168449,9556,179,901
-118.137245,110_216_1,360.0,True,33.967613,5888,116,110
-118.567291,901_54_1,292.0,True,34.185909,9460,58,901
-118.32431,757_68_1,220.0,True,34.099754,5984,180,757
-118.25872,442_62_0,28.0,True,34.050526,8622,58,442
-118.0733799,176_65_0,179.0,True,34.0822616,4193,59,176
-118.049469,76_170_1,285.0,True,34.077698,4004,180,76
-118.257935,51_258_0,28.0,True,34.026821,4007,59,51
-118.225517,28_538_0,45.0,True,34.121559,5833,58,28
-118.128426,78_469_1,240.0,True,34.0945279,7368,57,78
-118.251213,760_42_1,220.0,True,34.063866,6017,116,760
-118.308411,18_186_0,174.0,True,34.063179,8117,179,18
-118.2806492,603_21_0,110.0,True,34.058093,5602,59,603
-118.291794,204_106_1,180.0,True,34.0693089,9297,58,204
-118.329193,740_94_1,75.0,True,34.0255579,7646,295,740
-118.27832,745_98_1,180.0,True,33.953342,8002,58,745
-118.411987,720_1061_1,255.0,True,34.067139,9506,57,720
-118.282845,794_55_1,135.0,True,34.161903,8098,235,794
-118.382721,33_365_1,235.0,True,34.032654,5639,180,33
-118.44355,704_155_0,220.0,True,34.045551,9243,179,704
-118.120361,780_42_1,220.0,True,34.145924,8594,56,780
-118.35659,740_95_0,345.0,True,33.8656999,5999,57,740
-118.447456,602_3_1,360.0,True,34.066311,7545,57,602
-118.386749,94_216_1,225.0,True,34.223446,8579,56,94
-118.2914815,754_92_0,2.0,True,34.0010623,9550,59,754
-118.274811,200_39_1,208.0,True,34.059711,3962,59,200
-118.172058,910_169_1,225.0,True,34.061829,8392,58,910
-118.308807,757_67_0,360.0,True,33.990906,6051,57,757
-118.3590982,105_239_0,271.0,True,34.0215527,5791,59,105
-118.309536,720_1045_1,271.0,True,34.0617422,9587,59,720
-118.131836,268_130_1,89.0,True,34.1689409,8318,179,268
-118.27900700000001,603_21_0,30.0,True,34.065926,3116,59,603
-118.374588,232_84_1,90.0,True,33.815567,11059,235,232
-118.1512675,117_51_0,120.0,True,33.9235993,8427,59,117
-118.1366682,460_172_1,270.0,True,33.9131705,8133,59,460
-118.361382,215_68_1,165.0,True,33.943581,6130,58,215
-118.524155,240_168_0,116.0,True,34.164242,8345,58,240
-118.134003,180_178_1,255.0,True,34.145786,5301,57,180
-118.170616,66_386_1,270.0,True,34.018929,9400,58,66
-118.369148,10_391_0,89.0,True,34.083611,7599,179,10
-118.282059,45_518_0,90.0,True,33.9276849,5601,58,45
-118.26973,728_129_1,299.0,True,34.047199,9262,179,728
-118.647282,161_86_1,243.0,True,34.1496145,4185,59,161
-118.291496,754_92_0,220.0,True,33.925404,9579,179,754
-118.3221653,501_7_1,256.0,True,34.154608,3989,180,501
-118.226532,71_84_0,118.0,True,34.054626,7342,57,71
-118.036026,268_130_1,45.0,True,34.080914,5337,116,268
-118.331062,210_260_1,180.0,True,33.989559,8302,56,210
-118.391304,165_166_1,225.0,True,34.256943,8154,56,165
-118.259308,92_236_1,165.0,True,34.101788,6100,58,92
-118.265114,48_481_1,360.0,True,33.927078,5799,58,48
-118.358299,212_203_1,258.0,True,33.988571,5767,58,212
-118.2099958,760_43_0,346.0,True,33.9257335,6091,59,760
-118.308968,207_275_0,345.0,True,34.034771,9568,116,207
-118.2441358,55_217_0,343.0,True,33.9597688,3888,59,55
-118.2658,302_1072_1,300.0,True,34.077751,5838,58,302
-118.282875,81_181_1,180.0,True,34.017197,8549,116,81
-118.247017,950_192_1,298.0,True,34.05468,8352,58,950
-118.1531833,720_1062_1,104.0,True,34.0194612,9289,180,720
-118.355614,733_87_1,255.0,True,34.044617,9224,116,733
-118.465904,183_54_0,220.0,True,34.153816,5958,58,183
-118.0728233,266_19_0,355.0,True,34.1227968,5749,59,266
-118.324409,115_503_1,270.0,True,33.960052,8612,57,115
-118.352333,40_875_0,0.0,True,33.875298,9571,235,40
-118.3363213,720_1027_0,91.0,True,34.0620038,9274,59,720
-118.368752,794_54_0,311.0,True,34.218994,8089,58,794
-118.252029,30_604_0,30.0,True,34.0467609,6044,58,30
-118.332138,108_402_1,270.0,True,33.989063,3861,57,108
-118.597511,601_2_1,345.0,True,34.193501,4198,235,601
-118.323097,728_128_0,105.0,True,34.054569,9323,179,728
-118.256325,53_177_0,360.0,True,33.978256,6022,58,53
-118.291496,204_103_0,360.0,True,33.924164,9562,176,204
-118.255936,18_233_1,304.0,True,34.051464,5869,180,18
-118.223152,28_549_1,240.0,True,34.073406,7630,58,28
-118.250725,53_177_0,38.0,True,34.024101,5445,58,53
-118.245247,4_266_0,210.0,True,34.05941,9371,58,4
-118.423195,234_34_1,300.0,True,34.316837,4018,59,234
-118.248886,603_21_0,210.0,True,34.048107,3115,59,603
-118.246628,302_1072_1,306.0,True,34.063011,3921,59,302
-118.472656,788_6_1,195.0,True,34.133247,8096,179,788
-118.240005,102_52_0,90.0,True,33.974682,5755,57,102
-118.440475,234_33_1,140.0,True,34.282875,3974,57,234
-118.249672,28_549_1,210.0,True,34.047421,5670,180,28
-118.241608,705_69_0,270.0,True,34.003914,6002,180,705
-118.046616,128_27_0,165.0,True,33.874447,5405,235,128
-118.238007,62_245_0,275.0,True,34.034988,5868,180,62
-118.481316,744_2_1,270.0,True,34.156128,9236,58,744
-118.1427745,266_19_0,359.0,True,33.9034017,5880,59,266
-118.388123,728_130_1,270.0,True,34.05941,9533,116,728
-118.247246,728_129_1,218.0,True,34.050388,9315,58,728
-118.370262,152_119_1,345.0,True,34.190502,8252,58,152
-118.3688344,10_469_1,283.0,True,34.0837662,4166,59,10
-118.4077462,302_1055_1,224.0,True,34.0855087,8556,59,302
-118.4629162,733_87_1,231.0,True,33.9889347,9227,59,733
-118.125542,127_25_1,165.0,True,33.928482,7662,58,127
-118.188377,71_88_1,210.0,True,34.053635,5490,58,71
-118.2629127,30_603_0,125.0,True,34.0380467,8120,59,30
-118.1282682,62_245_0,320.0,True,33.9797117,3968,59,62
-118.127052,108_381_0,121.0,True,33.975838,5668,58,108
-118.26442,4_260_1,300.0,True,34.033531,5306,59,4
-118.183823,260_235_1,199.0,True,33.930298,8320,179,260
-118.079689,268_136_0,180.0,True,34.148701,7624,179,268
-118.453514,224_252_1,315.0,True,34.277485,7563,58,224
-118.286514,910_173_0,356.0,True,33.901974,8005,58,910
-118.26226,83_121_0,37.0,True,34.037491,5955,58,83
-118.179825,110_208_1,270.0,True,33.977322,3981,57,110
-118.326736,710_123_0,300.0,True,33.961842,7554,116,710
-118.45034,788_6_1,180.0,True,34.2333489,8021,116,788
-118.2575664,78_469_1,218.0,True,34.0463505,4124,59,78
-118.483772,237_11_1,180.0,True,34.193611,7568,176,237
-118.598953,901_55_0,220.0,True,34.252213,9527,179,901
-118.188675,83_132_1,240.0,True,34.113392,5937,58,83
-118.368462,37_382_0,116.0,True,34.035542,4072,59,37
-118.300247,206_165_0,358.0,True,34.039639,8511,58,206
-118.299301,28_538_0,90.0,True,34.052536,5814,58,28
-118.3133927,720_1061_1,272.0,True,34.061791,9381,59,720
-118.3805393,152_119_1,229.0,True,34.2279492,4102,59,152
-118.396355,230_95_0,360.0,True,34.201752,8300,116,230
-118.3269051,165_149_1,309.0,True,34.1904353,4107,59,165
-118.326927,117_61_1,270.0,True,33.94556,8609,58,117
-118.148781,177_33_1,357.0,True,34.141609,5786,58,177
-118.10804,76_170_1,266.0,True,34.07943,7627,58,76
-118.182083,115_478_1,343.0,True,33.951721,8638,179,115
-118.376259,38_243_0,220.0,True,34.054707,5800,180,38
-118.5886303,244_55_1,180.0,True,34.2201325,8233,59,244
-118.435783,33_365_1,225.0,True,34.002678,3933,295,33
-118.261765,16_344_1,15.0,True,34.054211,5498,235,16
-118.537918,901_57_1,270.0,True,34.180439,9543,56,901
-118.501373,901_55_0,90.0,True,34.185909,9540,179,901
-118.4195233,167_80_0,90.0,True,34.1720568,5630,59,167
-118.3588595,4_269_0,91.0,True,34.0907539,8588,59,4
-118.443321,4_264_0,220.0,True,34.045715,3904,176,4
-118.597252,901_55_0,165.0,True,34.237225,9526,58,901
-118.246719,48_483_0,120.0,True,34.058281,5675,58,48
-118.2477246,355_218_0,359.0,True,33.9929739,4082,59,355
-118.2494537,94_228_0,37.0,True,34.051193,8209,180,94
-118.437683,744_3_1,225.0,True,34.254826,9316,58,744
-118.2652767,52_226_1,182.0,True,33.9193348,5777,59,52
-118.264359,70_255_0,30.0,True,34.036392,4192,59,70
-118.467155,234_32_0,2.0,True,34.266209,5484,58,234
-118.292122,40_896_1,269.0,True,34.010983,9205,179,40
-118.2482412,33_364_1,219.0,True,34.0427893,3966,180,33
-118.34417,92_226_0,315.0,True,34.209339,4001,59,92
-118.353348,40_896_1,165.0,True,33.957935,9216,57,40
-118.3075642,96_246_1,309.0,True,34.1779687,3101,59,96
-118.277138,330_608_0,121.0,True,34.044724,3898,116,330
-118.096375,78_496_0,75.0,True,34.103134,4167,59,78
-118.22869180000001,91_310_1,117.0,True,34.2056312,8407,59,91
-118.275108,94_216_1,150.0,True,34.153019,8489,179,94
-118.45034,233_141_1,180.0,True,34.235905,9408,58,233
-118.352402,40_874_0,360.0,True,33.922405,9455,179,40
-118.2913515,33_365_1,270.0,True,34.0442971,4071,59,33
-118.436111,788_8_0,220.0,True,34.034935,8073,235,788
-118.223122,60_117_0,90.0,True,33.963791,5346,57,60
-118.294777,30_647_0,75.0,True,34.047256,5819,58,30
-118.364365,316_360_0,270.0,True,34.034275,6041,180,316
-118.1471324,378_485_1,315.0,True,34.0926125,4160,59,378
-118.24453,91_310_1,135.0,True,34.113449,8168,57,91
-118.431717,154_33_1,270.0,True,34.179474,7562,58,154
-118.1585251,260_235_1,170.0,True,34.0095099,4174,59,260
-118.351479,125_153_0,87.0,True,33.901779,11026,179,125
-118.2149262,720_1045_1,297.0,True,34.0340597,9310,59,720
-118.568237,750_51_0,60.0,True,34.171886,8041,58,750
-118.129578,780_42_1,75.0,True,34.145897,7619,295,780
-118.3640028,2_1057_1,270.0,True,34.0980585,8522,59,2
-118.368004,33_365_1,225.0,True,34.041012,3929,180,33
-118.4518348,733_82_0,59.0,True,33.9942458,9252,59,733
-118.2476892,611_22_0,359.0,True,33.9895508,4006,180,611
-118.282677,81_193_0,345.0,True,34.01585,8516,58,81
-118.308083,14_427_0,270.0,True,34.076267,5638,116,14
-118.588104,244_31_0,360.0,True,34.168392,8153,58,244
-118.287827,52_265_0,220.0,True,33.869331,3871,59,52
-118.1934635,260_207_0,357.0,True,33.8976664,4120,59,260
-118.2597077,53_169_0,10.0,True,34.0531315,5623,59,53
-118.2867791,37_428_1,265.0,True,34.0328359,5832,59,37
-118.246857,910_169_1,298.0,True,34.0545959,8373,179,910
-118.2498502,733_82_0,38.0,True,34.0451302,9265,59,733
-118.1167925,111_340_0,123.0,True,33.9471897,5977,59,111
-118.219612,780_42_1,285.0,True,34.140232,8066,58,780
-118.291893,204_106_1,180.0,True,34.099754,9569,58,204
-118.305916,550_125_0,270.0,True,33.737961,6128,180,550
-118.3207485,14_418_1,91.0,True,34.076178,8448,59,14
-118.285469,910_173_0,345.0,True,33.888691,8400,58,910
-118.268188,910_169_1,195.0,True,34.038071,8395,58,910
-118.2838385,52_226_1,220.0,True,34.059559,3986,59,52
-118.266159,351_256_1,105.0,True,34.051601,3878,59,351
-118.230698,745_97_1,360.0,True,34.050884,8029,56,745
-118.259933,200_39_1,314.0,True,34.079651,5925,116,200
-118.1300325,68_139_0,172.0,True,34.0328237,3935,59,68
-118.330635,740_95_0,360.0,True,33.990550999999996,7898,57,740
-118.324638,10_430_0,90.0,True,34.083473,5652,180,10
-118.264946,94_228_0,220.0,True,34.03334,8581,58,94
-118.443489,234_40_0,45.0,True,34.313068,8108,58,234
-118.471741,788_6_1,150.0,True,34.181728,8042,58,788
-118.46627,734_31_1,165.0,True,34.168365,9332,116,734
-118.366722,35_202_0,225.0,True,34.035896,4145,57,35
-118.258324,14_395_0,30.0,True,34.043514,5707,58,14
-118.162842,110_231_0,90.0,True,33.975342,5611,58,110
-118.261375,51_258_0,28.0,True,34.0214039,4054,59,51
-118.2563598,53_169_0,360.0,True,33.980385,5970,180,53
-118.392128,358_383_0,220.0,True,33.988514,5754,295,358
-118.25518,92_236_1,205.0,True,34.157227,4046,59,92
-118.319557,720_1061_1,255.0,True,34.061829,9505,58,720
-118.353775,212_216_0,360.0,True,33.99044,3855,59,212
-118.5033548,167_95_1,269.0,True,34.2430465,5874,59,167
-118.280777,910_173_0,345.0,True,33.973141,8391,116,910
-118.3097882,4_263_1,265.0,True,34.0908283,8449,59,4
-118.291595,204_103_0,345.0,True,34.058338,9475,179,204
-118.284416,950_192_1,180.0,True,33.846889,8361,56,950
-118.594597,901_55_0,120.0,True,34.189568,9462,56,901
-118.5883443,244_64_0,4.0,True,34.1931905,8283,59,244
-118.080505,266_21_1,220.0,True,34.1486469,5631,58,266
-118.3963527,901_55_0,90.0,True,34.1684624,9570,59,901
-118.07251,120_68_1,268.0,True,33.941849,6126,58,120
-118.642578,165_159_0,220.0,True,34.188686,8193,58,165
-118.209717,117_51_0,105.0,True,33.9445989,8646,58,117
-118.325195,212_212_1,180.0,True,34.100605,5660,58,212
-118.280022,950_197_0,3.0,True,34.017883,8366,179,950
-118.2590717,603_21_0,10.0,True,34.0897705,3102,59,603
-118.604462,150_171_0,183.0,True,34.201832,8188,58,150
-118.187871,720_1045_1,270.0,True,34.0239345,9276,59,720
-118.257668,51_227_1,208.0,True,34.027401,4028,59,51
-118.2543617,51_258_0,180.0,True,33.9272613,6118,59,51
-118.422546,224_224_0,319.0,True,34.266567,8595,58,224
-118.499016,750_51_0,90.0,True,34.158684,8076,58,750
-118.242026,254_14_0,272.0,True,33.9532918,3133,59,254
-118.251671,770_50_1,217.0,True,34.052784,5931,58,770
-118.44532,704_156_0,75.0,True,34.047146,9255,116,704
-118.225121,251_108_0,0.0,True,33.980236,8571,116,251
-118.374657,92_236_1,139.0,True,34.237526,6040,56,92
-118.239052,612_23_0,360.0,True,33.929226,3883,59,612
-118.282776,81_181_1,180.0,True,33.970284,8544,179,81
-118.27829,745_94_0,345.0,True,33.992283,8037,58,745
-118.2631057,910_169_1,216.0,True,34.0440767,8382,59,910
-118.2648385,351_257_1,208.0,True,34.0160156,4030,59,351
-118.2531069,92_236_1,217.0,True,34.0434684,4115,59,92
-118.270981,14_427_0,285.0,True,34.067001,3952,59,14
-118.2477077,55_217_0,6.0,True,33.9927447,4073,59,55
-118.25367,127_19_0,90.0,True,33.873539,7585,58,127
-118.235809,183_53_1,255.0,True,34.142792,5946,235,183
-118.247871,96_247_0,315.0,True,34.098213,3125,59,96
-118.244492,110_185_0,220.0,True,33.974297,5737,180,110
-118.0466777,460_183_0,182.0,True,33.8966418,8170,59,460
-118.448044,155_34_0,105.0,True,34.157913,3996,59,155
-118.224007,125_151_1,180.0,True,33.896088,11057,58,125
-118.2609875,52_265_0,293.0,True,34.0497815,4040,59,52
-118.398979,353_156_1,270.0,True,34.221714,5487,57,353
-118.232597,770_50_1,285.0,True,34.056934,5896,58,770
-118.300316,206_168_1,180.0,True,34.021954,8559,179,206
-118.254654,55_236_1,210.0,True,34.049374,5419,58,55
-118.331024,710_121_1,165.0,True,34.000118,7591,58,710
-118.330605,40_878_0,0.0,True,33.989807,9340,179,40
-118.293922,720_1055_1,270.0,True,34.061802,9358,56,720
-118.367234,501_8_0,245.0,True,34.1522832,4019,59,501
-118.3374798,442_62_0,90.0,True,33.9598403,8174,180,442
-118.2658,79_501_0,15.0,True,34.034744,7623,58,79
-118.536217,744_1_0,220.0,True,34.256367,9273,179,744
-118.334991,312_215_0,255.0,True,33.974491,5616,180,312
-118.334106,710_122_0,19.0,True,34.034359,7586,58,710
-118.250927,14_382_0,309.0,True,34.0571542,8121,59,14
-118.354919,330_607_0,114.0,True,34.053936,6016,180,330
-118.265213,770_49_0,120.0,True,34.032955,7924,58,770
-118.403694,794_55_1,139.0,True,34.248638,8095,116,794
-118.325851,4_260_1,270.0,True,34.090786,5650,57,4
-118.215385,106_16_1,195.0,True,34.034988,3942,59,106
-118.27829,45_518_0,360.0,True,33.978973,7654,58,45
-118.355705,212_213_1,180.0,True,34.0230559,5687,57,212
-118.351021,344_48_1,165.0,True,33.802643,6071,58,344
-118.0710207,910_169_1,269.0,True,34.0722685,8398,59,910
-118.3508237,28_550_1,91.0,True,34.0835587,8415,59,28
-118.2312413,728_129_1,173.0,True,34.0541952,9240,59,728
-118.265274,351_257_1,165.0,True,33.972126,5338,58,351
-118.2115423,202_47_0,6.0,True,33.8472478,5918,59,202
-118.1436,260_207_0,255.0,True,34.202793,5607,235,260
-118.275078,51_227_1,105.0,True,34.055672,3969,59,51
-118.214142,60_115_0,345.0,True,33.938961,5479,116,60
-118.1690858,256_60_0,0.0,True,34.0308677,3144,59,256
-118.150948,260_234_1,180.0,True,34.183876,8146,58,260
-118.364525,794_55_1,128.0,True,34.215939,8035,176,794
-118.258621,108_386_0,75.0,True,33.9892309,5667,180,108
-118.0578059,267_76_1,114.0,True,34.0811153,4144,59,267
-118.279831,550_125_0,360.0,True,33.936184,7931,58,550
-118.309624,180_172_0,75.0,True,34.101734,5459,58,180
-118.27462,16_363_1,315.0,True,34.063919,6039,58,16
-118.3905328,115_492_0,277.0,True,33.9314628,8639,59,115
-118.2489883,37_418_1,140.0,True,34.0557277,8439,59,37
-118.315819,164_56_1,210.0,True,34.186516,8284,179,164
-118.5989261,244_53_1,178.0,True,34.2550627,4108,59,244
-118.278351,38_235_1,285.0,True,34.021214,5672,58,38
-118.5890078,353_157_1,275.0,True,34.2199827,8347,59,353
-118.451225,794_55_1,220.0,True,34.2936819,8020,179,794
-118.489967,720_1027_0,323.0,True,34.013596,9552,295,720
-118.466072,234_32_0,360.0,True,34.201035,7569,58,234
-118.376427,16_344_1,270.0,True,34.073437,5723,58,16
-118.241608,728_128_0,36.0,True,34.055862,9264,58,728
-118.325195,330_691_1,279.0,True,34.047722,7852,58,330
-118.3299643,17_267_0,90.0,True,34.0688432,8432,59,17
-118.548607,164_53_0,75.0,True,34.186543,5875,180,164
-118.2300472,60_117_0,2.0,True,34.022023,6101,59,60
-118.310867,28_550_1,255.0,True,34.0527,8116,176,28
-118.234329,60_115_0,270.0,True,34.034744,5790,180,60
-118.3804201,155_33_1,266.0,True,34.157706,4129,59,155
-118.677292,534_150_0,45.0,True,34.0371359,5637,58,534
-118.291168,206_168_1,220.0,True,34.095654,5453,58,206
-118.241776,770_49_0,45.0,True,34.055808999999996,5827,58,770
-118.369148,163_129_1,208.0,True,34.219101,8323,56,163
-118.306938,16_357_0,75.0,True,34.068924,8185,57,16
-118.235909,685_4_1,195.0,True,34.11573,5957,58,685
-118.384323,102_52_0,30.0,True,33.966076,3854,116,102
-118.265816,20_614_1,299.0,True,34.0534881,6021,59,20
-118.408089,110_231_0,45.0,True,33.98175,5741,58,110
-118.2562995,53_177_0,356.0,True,33.9701507,3885,59,53
-118.307556,92_236_1,30.0,True,34.181923,3979,59,92
-118.0892817,62_245_0,272.0,True,33.8584562,3911,59,62
-118.246262,55_233_1,165.0,True,33.94149,5449,57,55
-118.340566,33_365_1,258.0,True,34.046757,3890,59,33
-118.02977,79_471_1,220.0,True,34.142323,4049,59,79
-118.314606,330_651_0,90.0,True,34.047119,5873,180,330
-118.247643,794_54_0,315.0,True,34.116718,8088,176,794
-118.361443,780_42_1,180.0,True,34.0854799,8056,235,780
-118.21978,251_110_1,180.0,True,34.0028689,8536,179,251
-118.369217,37_382_0,360.0,True,34.035347,8330,116,37
-118.352402,212_216_0,220.0,True,33.933762,5744,116,212
-118.269897,745_94_0,30.0,True,34.025036,8010,179,745
-118.045044,70_246_1,220.0,True,34.073021,7466,58,70
-118.2820623,720_1061_1,282.0,True,34.060893,9307,59,720
-118.2805196,33_365_1,300.0,True,34.0422314,4079,59,33
-118.3729993,105_224_1,52.0,True,34.0378348,6149,59,105
-118.273926,201_38_1,195.0,True,34.082127,5811,116,201
-118.275177,745_99_0,15.0,True,34.016895,8001,179,745
-118.3401832,117_53_0,90.0,True,33.9453693,8265,59,117
-118.355186,704_157_0,90.0,True,34.090733,9592,179,704
-118.208862,81_179_1,75.0,True,34.139187,8565,58,81
-118.3539342,316_358_0,99.0,True,34.070411,5861,180,316
-118.298904,206_165_0,220.0,True,33.923862,8600,58,206
-118.2598838,910_173_0,35.0,True,34.0494768,8351,59,910
-118.372948,115_505_1,225.0,True,33.960243,6088,58,115
-118.3237652,111_349_1,270.0,True,33.9746061,8615,59,111
-118.394386,230_95_0,120.0,True,34.144356,3987,180,230
-118.277237,330_691_1,285.0,True,34.044834,3899,180,330
-118.1719628,501_7_1,246.0,True,34.1429033,5773,59,501
-118.309036,207_275_0,345.0,True,34.057652,9445,58,207
-118.484985,237_11_1,180.0,True,34.255375,7561,58,237
-118.278187,45_518_0,358.0,True,33.9686505,3886,59,45
-118.0825013,62_225_1,180.0,True,33.8878063,5846,59,62
-118.278488,45_527_1,192.0,True,34.011284,5972,58,45
-118.324799,91_310_1,270.0,True,34.260849,8136,235,91
-118.2511492,55_217_0,299.0,True,34.048255,6093,59,55
-118.118004,577_36_0,220.0,True,33.775169,5881,180,577
-118.256752,115_504_1,270.0,True,33.960243,8254,179,115
-118.291496,51_258_0,269.0,True,34.0598219,5496,180,51
-118.3701387,705_63_1,57.0,True,34.0394762,6049,180,705
-118.136131,260_234_1,206.0,True,34.054321,4005,59,260
-118.27137,14_427_0,105.0,True,34.026024,8521,116,37
-118.37056,152_132_0,180.0,True,34.165314,8274,58,152
-118.260323,79_471_1,218.0,True,34.043297,3977,180,79
-118.447159,2_1056_0,90.0,True,34.0636439,7871,56,2
-118.4022317,625_48_1,269.0,True,33.931506,3146,59,625
-118.337547,105_239_0,300.0,True,34.012276,6146,58,105
-118.2561743,33_364_1,226.0,True,34.0406637,4148,59,33
-118.281105,45_518_0,180.0,True,33.965389,5515,116,45
-118.602692,164_53_0,75.0,True,34.187393,8167,57,164
-118.2398017,720_1059_1,3.0,True,34.0410167,9284,59,720
-118.290611,246_70_1,180.0,True,33.753967,8301,179,246
-118.323257,710_122_0,270.0,True,33.858383,7597,58,710
-118.318443,105_220_1,90.0,True,34.003639,3864,59,105
-118.282547,40_886_1,267.0,True,34.01123,9317,56,40
-118.2354285,70_246_1,290.0,True,34.0577069,4146,59,70
-118.308868,207_275_0,0.0,True,34.0040509,9437,58,207
-118.183426,81_193_0,360.0,True,34.1165809,5847,57,81
-118.278122,35_235_1,105.0,True,34.037025,7571,58,35
-118.245476,745_97_1,210.0,True,34.051819,8015,58,745
-118.269501,48_482_1,360.0,True,33.967258,7431,116,48
-118.526674,158_53_1,91.0,True,34.17109,8135,59,158
-118.26088,728_128_0,130.0,True,34.043076,9348,58,728
-118.2651002,51_258_0,0.0,True,33.9734156,6078,59,51
-118.2323097,355_218_0,170.0,True,33.9634326,4088,180,355
-118.247643,110_231_0,180.0,True,33.9748189,5697,58,110
-118.381012,110_216_1,270.0,True,33.976444,5665,180,110
-118.30838,18_186_0,220.0,True,34.063148,3936,180,18
-118.256752,111_339_0,220.0,True,33.960243,7939,116,111
-118.309036,757_68_1,165.0,True,34.000313,5387,116,757
-118.308968,757_67_0,360.0,True,34.031498,7887,58,757
-118.4486212,744_1_0,358.0,True,34.2107855,9267,59,744
-118.264259,48_482_1,15.0,True,34.025284,5694,180,48
-118.361282,126_19_1,345.0,True,33.887535,6086,58,126
-118.2577838,2_1057_1,294.0,True,34.0770603,4172,59,2
-118.170708,258_35_0,255.0,True,34.063343,5964,58,258
-118.371574,750_52_1,285.0,True,34.141029,8074,295,750
-118.8143022,161_86_1,245.0,True,34.1410373,4114,59,161
-118.309296,207_269_1,220.0,True,34.104538,9474,179,207
-118.499901,704_156_0,220.0,True,34.015766,9222,58,704
-118.390358,720_1058_1,255.0,True,34.067165,9561,179,720
-118.124557,115_493_0,212.0,True,33.935001,8460,58,115
-118.265114,51_259_0,220.0,True,33.927738,3870,59,51
-118.046677,267_75_0,270.0,True,34.0767359,4002,57,267
-118.451614,163_129_1,255.0,True,34.201256,8580,58,163
-118.2842845,603_25_1,180.0,True,34.0466317,3107,59,603
-118.347183,154_33_1,135.0,True,34.210743,7747,58,154
-118.2644378,55_217_0,123.0,True,34.0325526,4029,59,55
-118.5407472,152_132_0,90.0,True,34.2205637,8152,59,152
-118.239182,28_550_1,199.0,True,34.060398,5365,57,28
-118.46476,240_170_1,281.0,True,34.153652,8346,58,240
-118.2273787,117_61_1,352.0,True,33.9407718,8636,59,117
-118.286743,117_53_0,90.0,True,33.945423,8315,58,117
-118.309166,14_424_1,90.0,True,34.076241,5388,58,14
-118.598984,166_75_0,180.0,True,34.254055,8171,179,166
-118.374916,224_253_1,153.0,True,34.165283,8401,179,224
-118.28389,200_40_0,360.0,True,34.028774,6136,116,200
-118.265175,66_375_0,120.0,True,34.047173,9318,58,66
-118.282677,81_178_0,180.0,True,33.932388,8541,179,81
-118.206177,251_108_0,360.0,True,33.953564,8515,58,251
-118.230698,40_896_1,219.0,True,34.051243,9511,58,40
-118.26947,48_469_1,0.0,True,33.941849,5926,180,48
-118.265305,51_203_0,220.0,True,33.9429469,5793,235,51
-118.209587,60_128_1,165.0,True,33.919243,5932,180,60
-118.399727,4_263_1,225.0,True,34.074451,8416,56,4
-118.262878,910_173_0,36.0,True,34.046154,8292,58,910
-118.193947,111_346_1,270.0,True,33.971024,8483,58,111
-118.2418132,92_226_0,38.0,True,34.0539275,3984,59,92
-118.055595,70_246_1,270.0,True,34.06282,4067,116,70
-118.291527,204_105_0,345.0,True,34.0065,9454,179,204
-118.239777,20_613_1,219.0,True,34.036034,5467,58,20
-118.231216,720_1045_1,220.0,True,34.057182,9397,58,720
-118.348267,720_1055_1,270.0,True,34.062351,9393,57,720
-118.387894,224_252_1,165.0,True,34.221138,8583,58,224
-118.286873,550_123_1,220.0,True,34.025532,7907,179,550
-118.49659,534_145_1,300.0,True,34.011944,7416,116,534
-118.300705,728_130_1,268.0,True,34.0527,9248,58,728
-118.291435,204_103_0,360.0,True,33.982437,9426,179,204
-118.244591,10_489_1,46.0,True,34.056438,5481,58,10
-118.101387,266_21_1,211.0,True,33.977627,5732,180,266
-118.2885035,18_186_0,89.0,True,34.063631,8175,59,18
-118.536018,744_2_1,359.0,True,34.227928,9257,176,744
-118.253113,330_690_1,195.0,True,34.043598,8465,58,330
-118.367706,16_363_1,270.0,True,34.072392,7915,179,16
-118.2986243,17_349_1,269.0,True,34.069049,3970,59,17
-118.5281698,152_126_1,270.0,True,34.2208722,8296,59,152
-118.248657,53_169_0,345.0,True,33.869743,6054,58,53
-118.192345,665_14_0,355.0,True,34.034771,7547,58,665
-118.282158,745_95_0,90.0,True,33.9276849,8008,179,745
-118.228561,218_27_0,220.0,True,34.068707,3124,59,218
-118.2540395,18_110_0,130.0,True,34.0479163,6113,59,18
-118.124596,115_504_1,220.0,True,33.936016,8630,179,115
-118.3607727,4_263_1,278.0,True,34.0908609,4041,59,4
-118.4411178,4_269_0,73.0,True,34.0484438,5617,59,4
-118.564697,243_16_0,75.0,True,34.274761,8255,56,243
-118.265213,51_227_1,165.0,True,33.965031,3869,116,51
-118.429916,115_502_0,330.0,True,33.933239,8624,179,115
-118.289726,344_48_1,240.0,True,33.867596,5395,58,344
-118.353378,312_215_0,30.0,True,34.027538,5742,57,312
-118.159569,267_75_0,345.0,True,34.171856,7350,56,267
-118.308998,757_67_0,360.0,True,33.961674,5911,116,757
-118.335121,705_68_0,0.0,True,34.009304,7859,58,705
-118.230202,760_42_1,91.0,True,34.034523,7920,58,760
-118.452141,734_31_1,225.0,True,34.2727549,9230,179,734
-118.4833892,353_156_1,271.0,True,34.2214345,4109,59,353
-118.339355,780_41_0,220.0,True,34.034935,8067,116,780
-118.6375941,169_119_0,335.0,True,34.1599381,4150,59,169
-118.4491387,152_126_1,269.0,True,34.2215955,8147,59,152
-118.396584,230_87_1,165.0,True,34.191601,5923,57,230
-118.255569,71_88_1,210.0,True,34.048466,4000,59,71
-118.44525,239_9_1,319.0,True,34.2872563,8115,180,239
-118.278419,45_528_1,165.0,True,33.948696,4133,59,45
-118.570763,165_168_1,270.0,True,34.193859,4152,59,165
-118.307098,183_54_0,30.0,True,34.182335,5828,58,183
-118.223091,94_216_1,136.0,True,34.084244,8183,58,94
-118.2562885,53_177_0,98.0,True,33.9294337,3922,59,53
-118.263077,794_54_0,30.0,True,34.036476,8090,58,794
-118.319717,108_382_0,90.0,True,33.989037,6019,58,108
-118.363113,240_170_1,220.0,True,34.138691,8260,58,240
-118.218239,60_115_0,333.0,True,33.952213,5486,235,60
-118.392647,733_82_0,55.0,True,34.026794,9589,58,733
-118.4702442,152_132_0,89.0,True,34.2213158,8219,59,152
-118.3095612,205_80_0,1.0,True,33.7465325,5760,59,205
-118.5807538,166_117_1,288.0,True,34.2319912,8309,59,166
-118.326439,710_122_0,360.0,True,33.918499,7593,58,710
-118.09008,489_97_1,255.0,True,34.080284,4048,59,489
-118.3486413,165_166_1,181.0,True,34.20841,8425,59,165
-118.290798,38_243_0,86.0,True,34.0253953,8112,59,38
-118.6027199,161_83_1,270.0,True,34.168541,4100,59,161
-118.257835,55_236_1,120.0,True,34.020004,5494,180,55
-118.422812,2_1056_0,156.0,True,34.0795772,3893,59,2
-118.2518132,55_217_0,90.0,True,33.9293883,5802,59,55
-118.353775,312_215_0,360.0,True,33.990414,5769,58,312
-118.37944,330_690_1,345.0,True,34.076626,3937,59,330
-118.538216,169_120_1,270.0,True,34.208431,3993,116,169
-118.1752197,70_247_1,241.0,True,34.0567873,8230,59,70
-118.317421,710_121_1,75.0,True,34.061665,7592,235,710
-118.4567138,353_141_0,90.0,True,34.2213443,8289,59,353
-118.306442,710_121_1,165.0,True,34.061691,7587,58,710
-118.402092,230_96_1,135.0,True,34.23035,5460,180,230
-118.348305,37_395_0,90.0,True,34.032486,5839,116,37
-118.237762,115_505_1,269.0,True,33.960236,8643,59,115
-118.2767593,603_25_1,117.0,True,34.0602633,4026,59,603
-118.2916415,754_91_1,180.0,True,33.9960669,9574,59,754
-118.343842,212_216_0,360.0,True,33.9420969,5739,235,212
-118.357216,110_208_1,270.0,True,33.976303,5774,58,110
-118.274452,2_1057_1,344.0,True,34.0847089,3907,180,2
-118.4324512,150_171_0,101.0,True,34.1481462,8236,59,150
-118.392914,217_228_0,220.0,True,33.975838,5654,58,217
-118.273666,14_428_1,118.0,True,34.0681,5696,58,14
-118.454437,20_600_0,60.0,True,34.054626,3957,59,20
-118.156548,378_485_1,315.0,True,34.095901,5608,180,378
-118.137901,762_108_1,45.0,True,34.104759,5919,116,762
-118.291527,204_103_0,345.0,True,34.016399,9403,56,204
-118.2576947,66_363_0,310.0,True,34.0524507,3916,59,66
-118.291855,780_42_1,165.0,True,34.107922,8086,58,780
-118.3702832,152_126_1,1.0,True,34.167861,8310,59,152
-118.282616,81_178_0,0.0,True,34.010708,8574,58,81
-118.3660245,152_126_1,338.0,True,34.2277703,8155,59,152
-118.03183,487_92_1,345.0,True,34.161983,5393,58,487
-118.476006,33_447_0,220.0,True,33.994068,5352,58,33
-118.2520817,20_615_1,308.0,True,34.044385,3954,180,20
-118.224205,760_43_0,330.0,True,33.962058999999996,5508,58,760
-118.1469531,260_207_0,270.0,True,34.1042944,4066,59,260
-118.441292,230_96_1,210.0,True,34.297752,3961,176,230
-118.204536,45_528_1,273.0,True,34.073875,6079,58,45
-118.312508,155_33_1,220.0,True,34.178951,5851,295,155
-118.256493,53_177_0,345.0,True,34.009911,5330,180,53
-118.457222,165_149_1,270.0,True,34.193996,8268,58,165
-118.1712588,18_186_0,109.0,True,34.0232753,8106,59,18
-118.4661272,152_119_1,267.0,True,34.2214948,8325,59,152
-118.262291,90_316_0,36.0,True,34.037411,8165,58,90
-118.246262,33_365_1,210.0,True,34.051022,5344,58,33
-118.317749,209_34_1,180.0,True,33.973694,5715,57,209
-118.1990562,62_247_0,268.0,True,34.0188517,5845,59,62
-118.215981,751_17_1,145.0,True,34.034,7933,116,751
-118.376526,105_224_1,165.0,True,34.071537,6112,56,105
-118.142754,266_21_1,220.0,True,33.874939,5882,58,266
-118.2482822,20_613_1,219.0,True,34.0428907,8451,59,20
-118.082832,62_247_0,285.0,True,33.946083,3944,59,62
-118.313194,115_503_1,270.0,True,33.960052,8618,58,115
-118.261536,96_246_1,210.0,True,34.0420299,3105,57,96
-118.6060153,245_64_0,181.0,True,34.1964723,8224,59,245
-118.2768402,51_258_0,310.0,True,34.0564723,5792,59,51
-118.244331,53_170_0,26.0,True,34.031689,5831,58,53
-118.104828,265_8_0,30.0,True,33.987801,5420,58,265
-118.1038457,577_37_1,175.0,True,33.9133583,5782,59,577
-118.319584,30_606_0,255.0,True,34.0366555,3964,59,30
-118.2635818,603_21_0,79.0,True,34.0775858,5628,59,603
-118.238625,66_246_0,105.0,True,34.027401,9239,58,66
-118.331352,20_613_1,271.0,True,34.062077,6042,58,20
-118.308899,757_69_0,360.0,True,34.028362,6028,56,757
-118.0732697,460_172_1,270.0,True,33.902298,8128,180,460
-118.343842,37_418_1,255.0,True,34.032623,5651,116,37
-118.311623,37_418_1,269.0,True,34.032761,5656,180,37
-118.4488618,744_2_1,180.0,True,34.2199087,9245,59,744
-118.190315,181_179_1,255.0,True,34.133907,6063,176,181
-118.597809,166_75_0,219.0,True,34.254604,5412,58,166
-118.337357,30_647_0,220.0,True,34.047886,8340,116,30
-118.5168407,602_2_0,4.0,True,34.0440083,8413,59,602
-118.458992,720_1027_0,45.0,True,34.050968,9591,58,720
-118.238594,355_218_0,165.0,True,33.995747,5953,58,355
-118.352791,740_94_1,165.0,True,33.93203,5389,180,740
-118.217712,83_135_1,241.0,True,34.073654,5625,180,83
-118.130493,18_186_0,180.0,True,34.013321,6097,180,18
-118.286545,90_307_0,270.0,True,34.248089,8240,116,90
-118.2597417,51_248_0,302.0,True,34.0489293,3876,59,51
-118.345413,705_64_1,120.0,True,34.017006,5982,58,705
-118.291565,754_92_0,345.0,True,33.941601,9529,116,754
-118.148819,115_492_0,75.0,True,33.947182,8458,179,115
-118.252197,17_267_0,128.0,True,34.046734,5705,58,17
-118.2782018,910_173_0,29.0,True,34.0207505,8379,59,910
-118.225159,760_43_0,360.0,True,33.982273,7755,58,760
-118.249969,60_115_0,285.0,True,34.043324,5444,180,60
-118.362595,165_159_0,90.0,True,34.193966,8138,58,165
-118.4886983,236_123_0,89.0,True,34.3210413,4127,59,236
-118.123245,770_49_0,75.0,True,34.062435,7936,58,770
-118.249084,66_388_1,344.0,True,34.038536,9492,58,66
-118.3878923,240_170_1,298.0,True,34.1414063,8275,59,240
-118.252357,81_182_1,210.0,True,34.048271,8534,56,81
-118.553572,242_18_1,179.0,True,34.1894833,4087,59,242
-118.2650938,51_258_0,0.0,True,33.9859397,4015,59,51
-118.4485017,162_131_0,92.0,True,34.2010938,8331,59,162
-118.44857,233_132_0,360.0,True,34.1949309,9415,116,233
-118.284584,10_389_0,90.0,True,34.0817679,5495,58,10
-118.216171,81_195_0,270.0,True,34.139545,8514,58,81
-118.154259,720_1058_1,220.0,True,34.018436,9504,58,720
-118.233643,780_41_0,75.0,True,34.146118,8059,116,780
-118.280876,910_169_1,180.0,True,33.973663,8491,116,910
-118.383141,901_59_0,75.0,True,34.1685299,9457,58,901
-118.291725,204_106_1,180.0,True,34.052811,9223,58,204
-118.199623,111_340_0,90.0,True,33.971466,6133,180,111
-118.278252,45_518_0,360.0,True,33.982384,7666,179,45
-118.325226,110_231_0,60.0,True,33.979824,3857,59,110
-118.266556,201_40_0,360.0,True,34.099339,5940,57,201
-118.158516,258_35_0,341.0,True,34.010159,5812,58,258
-118.245674,4_263_1,38.0,True,34.053635,4032,59,4
-118.2544782,603_25_1,211.0,True,34.0945327,5883,59,603
-118.2667603,76_170_1,202.0,True,34.0350125,4065,59,76
-118.22506,115_493_0,112.0,True,33.956066,6148,116,115
-118.335121,210_256_0,360.0,True,34.019894,8614,58,210
-118.450539,239_9_1,313.0,True,34.294315,5455,58,239
-118.225241,760_42_1,182.0,True,33.9827455,6035,59,760
-118.558372,166_75_0,90.0,True,34.235439,8204,58,166
-118.2914593,754_92_0,360.0,True,33.9963565,9573,59,754
-118.59063,163_129_1,270.0,True,34.201118,8166,57,163
-118.257835,70_246_1,210.0,True,34.046017,7629,179,70
-118.282616,81_193_0,345.0,True,33.976002,8519,56,81
-118.216011,251_108_0,15.0,True,34.033699,8573,179,251
-118.344009,211_57_0,270.0,True,33.968552,5408,116,211
-118.2263393,51_243_1,177.0,True,33.8936055,3873,59,51
-118.169037,258_29_1,165.0,True,33.917042,5960,58,258
-118.264786,205_80_0,165.0,True,33.847633,11054,116,205
-118.4198963,720_1058_1,279.0,True,34.0675027,9285,180,720
-118.2577585,76_170_1,218.0,True,34.0461211,4147,59,76
-118.091423,487_92_1,179.0,True,34.119579,7651,58,487
-118.192871,30_681_1,88.0,True,34.033203,5349,58,30
-118.351379,40_874_0,15.0,True,33.966679,9326,57,40
-118.3972648,625_46_0,98.0,True,33.93092,3147,59,625
-118.366713,130_88_0,89.0,True,33.872773,5307,59,130
-118.168907,256_62_1,94.0,True,34.063179,3131,59,256
-118.284485,780_41_0,75.0,True,34.112404,8063,116,780
-118.281024,460_172_1,1.0,True,34.0043778,8161,59,460
-118.255608,720_1055_1,306.0,True,34.051296,9396,179,720
-118.287895,246_76_0,360.0,True,33.739475,5369,116,246
-118.467773,234_33_1,181.0,True,34.228508,7560,235,234
-118.260689,16_357_0,105.0,True,34.0578689,7484,58,16
-118.357803,705_69_0,255.0,True,34.021599,7901,235,705
-118.219154,111_342_0,97.0,True,33.973526,8475,58,111
-118.174316,68_136_1,270.0,True,34.040627,3906,59,68
-118.162743,78_469_1,225.0,True,34.092052,5859,57,78
-118.207161,181_173_0,103.0,True,34.133579,5904,176,181
-118.227386,105_239_0,220.0,True,34.004272,4060,59,105
-118.2125678,18_186_0,119.0,True,34.0329097,8249,59,18
-118.238892,53_167_0,180.0,True,34.03257,5493,58,53
-118.5019082,364_119_1,269.0,True,34.2358032,8270,59,364
-118.227188,105_239_0,11.0,True,34.003998,4086,180,105
-118.265179,351_261_0,359.0,True,33.9761779,4084,59,351
-118.64247399999999,165_159_0,3.0,True,34.1923223,8229,180,165
-118.219353,251_108_0,360.0,True,33.993408,8540,58,251
-118.399696,358_387_0,220.0,True,33.984718,5700,116,358
-118.444862,720_1045_1,240.0,True,34.058666,9372,58,720
-118.225159,60_117_0,345.0,True,33.982574,5474,180,60
-118.256393,53_169_0,1.0,True,33.959915,3915,59,53
-118.3884382,17_349_1,186.0,True,34.0383403,8446,59,17
-118.24823,460_182_0,219.0,True,34.042637,8211,56,460
-118.306053,720_1057_1,270.0,True,34.06216,9503,58,720
-118.384422,233_139_1,315.0,True,34.280895,9441,56,233
-118.458923,108_381_0,220.0,True,33.983784,5722,180,108
-118.229843,760_43_0,7.0,True,34.0254288,6011,59,760
-118.2916798,754_70_1,180.0,True,34.042013,9575,59,754
-118.154388,108_291_1,270.0,True,33.985134,3856,116,108
-118.43103,164_56_1,270.0,True,34.1867639,8349,179,164
-118.162285,754_70_1,180.0,True,33.985161,6001,57,754
-118.264946,108_359_1,269.0,True,33.989311,5681,58,108
-118.2498095,200_39_1,304.0,True,34.0641193,5794,180,200
-118.150879,260_234_1,165.0,True,34.180714,8149,176,260
-118.376129,28_534_0,360.0,True,34.049786,8576,176,28
-118.309227,207_269_1,180.0,True,34.0817679,9456,57,207
-118.349319,222_68_0,90.0,True,34.193581,7652,58,222
-118.323883,2_1056_0,90.0,True,34.097965,5664,58,2
-118.377713,10_389_0,332.0,True,34.0735408,4055,59,10
-118.3949162,162_126_1,256.0,True,34.200653,8242,59,162
-118.1404059,76_170_1,265.0,True,34.077628,4153,59,76
-118.3414897,607_21_0,89.0,True,33.9929897,3148,59,607
-118.35128,720_1045_1,270.0,True,34.0624619,9377,58,720
-118.352821,740_94_1,165.0,True,33.8921009,5375,295,740
-118.2210968,66_385_1,296.0,True,34.024914,9402,59,66
-118.29097,206_168_1,269.0,True,34.095627,8598,58,206
-118.288872,950_197_0,330.0,True,33.870621,8388,58,950
-118.222366,91_306_0,120.0,True,34.080887,8328,176,91
-118.245934,316_350_1,120.0,True,34.04269,5788,58,316
-118.34407,211_68_1,180.0,True,33.945698,5327,59,211
-118.216384,60_128_1,169.0,True,33.945792,5867,59,60
-118.279831,950_197_0,360.0,True,33.936459,8364,58,950
-118.082306,268_135_1,315.0,True,34.148842,4014,235,268
-118.352692,115_472_1,269.0,True,33.961842,8473,58,115
-118.331024,40_886_1,165.0,True,33.9913219,9417,58,40
-118.237808,205_81_1,165.0,True,33.897518,11044,116,205
-118.391762,111_339_0,220.0,True,33.949051,8623,58,111
-118.614326,164_52_1,273.0,True,34.186543,5866,58,164
-118.296349,550_125_0,60.0,True,33.790295,6125,56,550
-118.3196673,720_1058_1,274.0,True,34.0617706,9308,59,720
-118.448631,788_8_0,345.0,True,34.192593,8092,179,788
-118.326469,710_123_0,345.0,True,33.884838,7552,58,710
-118.450272,788_6_1,270.0,True,34.17942,8027,58,788
-118.5974175,601_1_0,359.0,True,34.1775187,4197,59,601
-118.278252,45_516_0,360.0,True,33.98505,5949,58,45
-118.6046377,162_131_0,235.0,True,34.2279818,8294,180,162
-118.5361397,240_168_0,177.0,True,34.2075255,8113,180,240
-118.346336,164_53_0,90.0,True,34.1846729,8203,116,164
-118.228104,705_68_0,90.0,True,34.003914,6048,58,705
-117.9984902,460_183_0,189.0,True,33.8808077,8140,59,460
-118.2019808,125_150_1,269.0,True,33.9035812,5506,59,125
-118.251244,62_224_1,220.0,True,34.063866,6055,116,62
-118.313919,33_365_1,270.0,True,34.043598,5905,116,33
-118.2372602,115_506_0,90.0,True,33.9601003,8644,59,115
-118.269798,105_231_1,90.0,True,34.003777,4056,59,105
-118.289429,205_81_1,240.0,True,33.86768,5775,176,205
-118.265373,4_260_1,220.0,True,34.03323,9364,58,4
-118.217422,111_347_1,277.0,True,33.973473,8488,58,111
-118.311165,757_67_0,255.0,True,34.101761,5978,116,757
-118.2391312,66_284_0,111.0,True,34.0276035,9463,59,66
-118.447418,233_132_0,220.0,True,34.151783,9427,58,233
-118.278061,45_518_0,360.0,True,33.93819,8507,116,45
-118.265503,52_272_0,360.0,True,33.874802,5480,180,52
-118.445816,4_264_0,330.0,True,34.046951,9279,57,4
-118.44529,788_6_1,125.0,True,34.058529,8062,235,788
-118.291532,754_91_1,1.0,True,34.0682665,9541,59,754
-118.2608735,10_481_1,283.0,True,34.0682013,5948,59,10
-118.282387,110_208_1,270.0,True,33.982437,5745,58,110
-118.282646,81_178_0,360.0,True,33.966324,8527,116,81
-118.246361,316_356_1,30.0,True,34.044285,8308,58,316
-118.263821,603_21_0,336.0,True,34.1361428,3122,59,603
-118.290651,754_70_1,266.0,True,34.0981873,9513,59,754
-118.263176,20_600_0,120.0,True,34.052231,5436,116,20
-118.319687,210_260_1,92.0,True,34.061665,8156,57,210
-118.1857668,260_207_0,8.0,True,33.985491,8444,180,260
-118.430832,162_126_1,255.0,True,34.201309,8332,116,162
-118.344009,211_67_1,165.0,True,33.926888,6140,180,211
-118.258095,355_218_0,285.0,True,34.020168,3967,180,355
-118.46627,234_34_1,180.0,True,34.193554,6006,116,234
-117.998566,120_68_1,220.0,True,33.945148,6105,58,120
-118.265076,51_259_0,360.0,True,33.963684,5345,180,51
-118.252396,53_162_1,210.0,True,34.051708,5517,116,53
-118.2840273,200_40_0,5.0,True,34.043298,3872,59,200
-118.363312,224_239_0,220.0,True,34.139107,8199,235,224
-118.137314,111_347_1,300.0,True,33.957302,5319,116,111
-118.346107,302_1072_1,270.0,True,34.098049,5645,116,302
-118.311424,125_154_1,255.0,True,33.902,11064,235,125
-118.4948753,167_80_0,90.0,True,34.2428923,4024,59,167
-118.24826,16_355_1,219.0,True,34.042664,8141,179,16
-118.3569275,210_256_0,354.0,True,33.8724563,8627,59,210
-118.223022,260_207_0,220.0,True,33.875107,5435,180,260
-118.291435,754_92_0,220.0,True,33.924633,9582,179,754
-118.428642,224_252_1,139.0,True,34.272121,7567,235,224
-118.324699,212_213_1,45.0,True,34.100193,3900,116,212
-118.074867,70_255_0,75.0,True,34.062599,7536,116,70
-118.255112,76_162_0,30.0,True,34.047173,3999,59,76
-118.432411,165_159_0,90.0,True,34.193886,8130,58,165
-118.358559,212_216_0,330.0,True,34.000175,5751,58,212
-118.18943,108_402_1,270.0,True,33.987606,5606,180,108
-118.425659,233_132_0,48.0,True,34.263458,9344,58,233
-118.396088,232_73_0,360.0,True,33.929417,11027,116,232
-118.11335,108_359_1,165.0,True,33.971298,3992,57,108
-118.2290952,18_233_1,272.0,True,34.0346057,3910,59,18
-118.2084308,605_44_1,126.0,True,34.0390687,3142,59,605
-118.159958,265_8_0,360.0,True,33.889019,7611,58,265
-118.3701423,14_418_1,85.0,True,34.075985,8467,59,14
-118.248589,20_615_1,219.0,True,34.042938,5674,58,20
-118.1846535,665_20_1,181.0,True,34.0365021,4077,59,665
-118.408775,33_459_1,236.0,True,34.0178299,3938,176,33
-118.230171,76_162_0,45.0,True,34.065434,8158,58,76
-118.1260296,265_10_1,213.0,True,33.9589973,4141,59,265
-118.623405,152_132_0,360.0,True,34.218826,8122,179,152
-118.1947698,612_21_1,7.0,True,33.9645613,4033,59,612
-118.25354,745_99_0,210.0,True,34.058613,8009,179,745
-118.265274,51_237_0,220.0,True,33.943138,5954,116,51
-118.217941,76_170_1,269.0,True,34.0660359,5826,58,76
-118.431259,158_53_1,360.0,True,34.203457,5421,57,158
-118.3009963,501_8_0,101.0,True,34.1562883,5758,59,501
-118.1924813,256_60_0,322.0,True,34.1094752,3135,59,256
-118.209816,251_108_0,220.0,True,33.925266,8561,179,251
-118.2739385,45_516_0,360.0,True,33.9075325,3917,59,45
-118.2478277,460_182_0,219.0,True,34.0428815,8143,180,460
-118.564995,901_55_0,105.0,True,34.1851119,9531,179,901
-118.222404,128_27_0,90.0,True,33.895893,11002,176,128
-118.2111166,260_235_1,270.0,True,33.8743293,4069,59,260
-118.230629,40_897_1,219.0,True,34.051296,9244,116,40
-118.281044,66_375_0,118.0,True,34.056412,9300,58,66
-118.260162,40_896_1,210.0,True,34.038372,9246,116,40
-118.226105,70_255_0,118.0,True,34.054459,5858,57,70
-118.222923,60_117_0,220.0,True,33.9635729,6111,180,60
-118.291725,206_165_0,1.0,True,33.930599,8601,58,206
-118.263962,246_70_1,165.0,True,33.798573,5934,58,246
-118.2649645,460_183_0,218.0,True,34.0421004,6020,59,460
-118.298515,794_54_0,311.0,True,34.173592,8082,179,794
-118.4087638,164_53_0,90.0,True,34.1865657,8272,59,164
-118.099777,770_50_1,270.0,True,34.06271,7928,58,770
-118.27816,745_94_0,345.0,True,33.957329,8048,179,745
-118.25531,60_115_0,30.0,True,34.054073,5411,116,60
-118.362785,108_385_0,69.0,True,33.987469,5917,57,108
-118.225121,60_115_0,345.0,True,33.990963,5781,57,60
-118.308899,757_69_0,1.0,True,33.999928,6052,58,757
-118.2669562,910_173_0,38.0,True,34.0416596,8356,59,910
-118.4308423,169_120_1,2.0,True,34.211402,4126,59,169
-118.218666,251_110_1,143.0,True,34.079926,8528,58,251
-118.245415,45_528_1,210.0,True,34.051819,5374,58,45
-118.2805148,117_59_1,266.0,True,33.9456015,8633,59,117
-118.348564,217_229_1,270.0,True,34.101704,5659,116,217
-118.6052837,244_64_0,94.0,True,34.168373,8290,59,244
-118.308708,66_246_0,220.0,True,34.057705,9483,58,66
-118.134232,780_42_1,255.0,True,34.146172,8016,56,780
-118.237381,111_345_1,270.0,True,33.974792,8307,179,111
-118.390686,788_6_1,220.0,True,34.255981,8022,179,788
-118.292877,205_80_0,220.0,True,33.732464,5759,180,205
-118.21096,770_50_1,285.0,True,34.0482439,5857,58,770
-118.29628,37_382_0,75.0,True,34.032707,8450,116,37
-118.3242022,38_243_0,91.0,True,34.025551,8414,59,38
-118.283005,181_179_1,360.0,True,34.098019,5400,180,181
-118.239182,30_681_1,300.0,True,34.052067,5765,57,30
-118.260063,183_53_1,220.0,True,34.125053,4111,59,183
-118.291496,204_105_0,360.0,True,34.034328,9221,58,204
-118.19677,910_173_0,90.0,True,34.056,8389,56,910
-118.421623,166_117_1,225.0,True,34.245449,8500,176,166
-118.309067,207_269_1,165.0,True,34.060043,9424,295,207
-118.434082,234_32_0,45.0,True,34.288513,7657,58,234
-118.5359438,240_170_1,351.0,True,34.1973458,8334,59,240
-118.307526,794_55_1,45.0,True,34.181923,8049,176,794
-118.282349,200_39_1,202.0,True,34.018574,5323,59,200
-118.028389,487_92_1,347.0,True,34.096783,5849,58,487
-118.500031,704_156_0,220.0,True,34.015877,9327,58,704
-118.308311,209_34_1,220.0,True,34.063148,5713,58,209
-118.5113282,162_131_0,90.0,True,34.2010464,8267,59,162
-118.240593,30_647_0,53.0,True,34.05061,5501,180,30
-118.204407,45_527_1,273.0,True,34.073875,5941,58,45
-118.1878081,70_255_0,91.0,True,34.0549144,4179,59,70
-118.371506,38_235_1,15.0,True,34.030754,7535,58,38
-118.209768,605_44_1,162.0,True,34.0589013,3140,59,605
-117.979087,460_172_1,267.0,True,33.8583822,8142,59,460
-118.330963,710_121_1,181.0,True,33.974709,7551,179,710
-118.3215169,105_220_1,260.0,True,34.0362336,4093,59,105
-118.13475,260_234_1,180.0,True,34.091145,8190,58,260
-118.468826,901_57_1,285.0,True,34.1808509,9472,56,901
-118.317848,2_1057_1,270.0,True,34.098156,6045,180,2
-118.291527,204_105_0,220.0,True,33.965912,9436,179,204
-118.168251,66_375_0,105.0,True,34.018242,9418,58,66
-118.3749578,218_31_1,162.0,True,34.116635,3114,59,218
-118.282677,81_195_0,360.0,True,34.010929,8548,116,81
-117.976471,460_183_0,84.0,True,33.846836,8131,235,460
-118.253571,40_883_0,38.0,True,34.045219,9464,58,40
-118.291954,206_168_1,180.0,True,33.92664,8575,56,206
-118.219612,910_169_1,255.0,True,34.055477,8380,58,910
-118.319748,108_359_1,255.0,True,33.989147,5703,58,108
-118.261307,18_130_0,285.0,True,34.053719,6083,56,18
-118.2801708,16_357_0,119.0,True,34.0667914,4188,59,16
-118.320732,705_64_1,75.0,True,34.003666,5910,58,705
-118.3630822,704_149_1,268.0,True,34.0909223,9251,59,704
-118.3265657,210_256_0,1.0,True,34.08966,8634,59,210
-118.361542,728_128_0,90.0,True,34.057732,9320,56,728
-118.291924,204_105_0,360.0,True,34.06535,9386,58,204
-118.3159067,733_87_1,270.0,True,34.0435608,9266,59,733
-118.254295,53_169_0,360.0,True,33.920260999999996,3909,59,53
-118.467445,734_31_1,150.0,True,34.219761,9231,235,734
-118.249413,68_136_1,210.0,True,34.047611,6027,57,68
-118.265701,55_233_1,210.0,True,34.033394,6104,58,55
-118.579781,243_18_1,345.0,True,34.270363,8256,58,243
-118.434372,734_31_1,315.0,True,34.295059,9269,179,734
-118.466072,234_32_0,220.0,True,34.154613,5507,180,234
-118.394455,2_1057_1,225.0,True,34.089302,3931,176,2
-118.225159,751_16_0,345.0,True,33.985489,8030,116,751
-118.213745,251_110_1,208.0,True,34.037628,8512,116,251
-118.132362,258_29_1,165.0,True,34.144138,6065,176,258
-118.596428,601_2_1,220.0,True,34.190449,4195,116,601
-118.5493877,164_56_1,270.0,True,34.1866045,8220,59,164
-118.275269,45_527_1,195.0,True,34.0169489,5377,58,45
-118.2129097,760_42_1,166.0,True,33.9346447,5803,59,760
-118.606033,158_46_0,345.0,True,34.239204,7679,58,158
-118.373871,316_151_0,90.0,True,34.073105,8445,56,316
-118.300804,102_52_0,90.0,True,34.0181619,5622,58,102
-118.432045,90_305_1,300.0,True,34.308861,8329,295,90
-118.247053,60_128_1,26.0,True,34.061236,6070,59,60
-118.3990005,14_431_1,359.0,True,34.0625105,8114,59,14
-118.3878393,353_141_0,179.0,True,34.1977782,8241,59,353
-118.467613,234_34_1,181.0,True,34.257576,4013,180,234
-118.194275,108_291_1,277.0,True,33.988102,6034,180,108
-118.3658387,218_27_0,360.0,True,34.0923415,3128,59,218
-118.234268,110_185_0,90.0,True,33.981586,5709,180,110
-118.383507,16_357_0,115.0,True,34.073627,5889,58,16
-118.484131,164_53_0,90.0,True,34.186569,8342,116,164
-118.265701,37_418_1,210.0,True,34.03334,5663,58,37
-117.9269403,460_183_0,142.0,True,33.8271068,8173,59,460
-118.605904,245_53_1,360.0,True,34.219406,8184,58,245
-118.291435,754_92_0,345.0,True,33.990906,9516,116,754
-118.490097,20_604_0,220.0,True,34.013786,5684,58,20
-118.300247,206_165_0,345.0,True,34.03796,5738,58,206
-118.2390422,205_81_1,0.0,True,33.9177412,5780,180,205
-118.2762898,37_382_0,118.0,True,34.0282217,8438,59,37
-118.588432,244_31_0,360.0,True,34.249214,8313,58,244
-118.329948,37_395_0,75.0,True,34.03257,5643,180,37
-118.2463272,91_306_0,37.0,True,34.0544262,8341,59,91
-118.599411,353_156_1,219.0,True,34.237774,8077,58,353
-118.283829,720_1039_0,105.0,True,34.061554,9299,58,720
-118.306938,180_178_1,255.0,True,34.101788,7827,58,180
-118.263661,181_179_1,239.0,True,34.1261334,4170,59,181
-118.2695052,48_469_1,7.0,True,33.9784968,3859,180,48
-118.163498,111_342_0,97.0,True,33.967644,8616,116,111
-118.2253227,60_128_1,182.0,True,33.9861929,4083,59,60
-118.265602,52_226_1,105.0,True,34.051296,3880,59,52
-118.207817,605_45_0,28.0,True,34.04665,3143,116,605
-118.703545,534_143_1,180.0,True,34.0368039,5750,57,534
-118.342468,120_72_0,90.0,True,33.930931,6094,58,120
-118.3128973,165_149_1,220.0,True,34.1793062,8297,180,165
-118.185463,76_170_1,270.0,True,34.062519,5644,116,76
-118.2393333,60_117_0,309.0,True,34.035539,3866,59,60
-118.251968,70_255_0,30.0,True,34.050499,7910,179,70
-118.5010567,236_123_0,0.0,True,34.2137136,4112,59,236
-118.254822,4_263_1,210.0,True,34.041782,5488,58,4
-118.490654,720_1055_1,225.0,True,34.025421,9576,56,720
-118.1600249,265_10_1,180.0,True,33.8704091,4154,59,265
-118.289238,28_551_1,255.0,True,34.052452,5817,57,28
-118.291664,754_91_1,220.0,True,34.10022,9522,176,754
-118.067726,770_50_1,270.0,True,34.0627629,5903,57,770
-118.450172,788_8_0,0.0,True,34.235161,8093,58,788
-118.3216248,720_1058_1,270.0,True,34.0618907,9286,59,720
-117.9785843,266_19_0,221.0,True,34.070766,5757,59,266
-118.343941,212_216_0,0.0,True,34.0648,5717,180,212
-118.254326,489_97_1,216.0,True,34.049976,5348,180,489
-118.275108,30_682_1,299.0,True,34.043873,3924,59,30
-118.344826,312_215_0,330.0,True,34.100578,5740,58,312
-118.226761,108_402_1,255.0,True,33.9892309,5746,57,108
-118.260569,96_247_0,34.0,True,34.0411075,3121,59,96
-118.081626,266_19_0,16.0,True,34.007892,5635,59,266
-118.275238,20_619_1,300.0,True,34.057705,3945,59,20
-118.249413,45_516_0,30.0,True,34.049484,5510,58,45
-118.2914277,66_246_0,91.0,True,34.0576859,9490,59,66
-118.28186,745_94_0,350.0,True,33.927631,8013,58,745
-118.363213,224_224_0,220.0,True,34.138802,8592,179,224
-118.314049,40_874_0,90.0,True,34.010761,9559,56,40
